                  epoch,           train/box_om,           train/cls_om,           train/dfl_om,           train/box_oo,           train/cls_oo,           train/dfl_oo,   metrics/precision(B),      metrics/recall(B),       metrics/mAP50(B),    metrics/mAP50-95(B),             val/box_om,             val/cls_om,             val/dfl_om,             val/box_oo,             val/cls_oo,             val/dfl_oo,                 lr/pg0,                 lr/pg1,                 lr/pg2
                      1,                 1.2597,                 3.9567,                  1.243,                 1.2825,                 4.1814,                 1.1644,                0.00553,                0.58687,                0.13345,                0.09416,                 1.1885,                 3.7304,                 1.1128,                 1.1761,                  4.173,                 1.0496,                0.00329,                0.00329,                0.00329
                      2,                 1.4184,                 2.8121,                 1.3392,                 1.4093,                 3.1782,                 1.2235,                0.41803,                0.20994,                0.18262,                0.11099,                 1.5134,                 2.7567,                 1.4023,                 1.4698,                 3.5086,                 1.2663,              0.0066103,              0.0066103,              0.0066103
                      3,                 1.5863,                 2.5641,                 1.4813,                 1.5925,                 3.1193,                 1.3309,                0.12848,                 0.0661,                0.01785,                0.00664,                 2.2779,                 15.346,                 2.4572,                 2.1176,                 10.413,                 2.1031,              0.0099173,              0.0099173,              0.0099173
                      4,                 1.6995,                 2.5744,                 1.5992,                  1.725,                 3.2438,                 1.4179,                0.15949,                0.13321,                0.04109,                  0.018,                 2.2547,                 8.5134,                 2.7096,                 2.0877,                 7.3206,                  2.051,              0.0099406,              0.0099406,              0.0099406
                      5,                 1.6554,                 2.4397,                 1.5644,                 1.6961,                 3.1128,                 1.3953,                0.18011,                0.15682,                0.05704,                0.02735,                 1.8848,                 4.0522,                 1.9147,                 1.8396,                 4.5915,                 1.6646,              0.0099406,              0.0099406,              0.0099406
                      6,                 1.5945,                 2.3279,                 1.5273,                 1.6659,                 2.9587,                 1.3815,                0.13985,                0.18916,                0.09415,                0.04296,                 1.8519,                 3.0918,                 1.7387,                 1.8048,                 4.1904,                 1.5526,              0.0099208,              0.0099208,              0.0099208
                      7,                 1.5526,                 2.2338,                 1.5029,                 1.6306,                 2.8267,                 1.3638,                0.27028,                0.21462,                0.15901,                0.08004,                 1.6652,                 2.7466,                 1.6112,                 1.7217,                 3.4431,                 1.4936,               0.009901,               0.009901,               0.009901
                      8,                 1.5373,                 2.1742,                 1.4769,                 1.6361,                 2.7325,                 1.3578,                0.26958,                0.21147,                 0.1568,                 0.0824,                 1.6718,                 2.6165,                 1.5586,                 1.6989,                 3.1615,                 1.4332,              0.0098812,              0.0098812,              0.0098812
                      9,                 1.5015,                 2.0999,                 1.4572,                 1.6166,                  2.631,                 1.3548,                 0.2995,                0.22865,                0.19196,                0.10354,                  1.666,                 2.3047,                   1.58,                 1.6921,                 2.8657,                 1.4443,              0.0098614,              0.0098614,              0.0098614
                     10,                 1.4737,                   2.06,                 1.4406,                 1.5965,                 2.5529,                 1.3436,                0.32538,                0.29839,                0.24281,                0.13218,                 1.5847,                 2.1626,                 1.5171,                 1.6251,                 2.6204,                 1.3922,              0.0098416,              0.0098416,              0.0098416
                     11,                 1.4593,                 1.9805,                   1.42,                 1.5837,                  2.464,                  1.326,                0.34766,                0.28362,                 0.2444,                0.13676,                 1.5715,                 2.2089,                 1.5221,                 1.6016,                 2.6335,                 1.3958,              0.0098218,              0.0098218,              0.0098218
                     12,                 1.4501,                 1.9735,                 1.4151,                 1.5804,                 2.4411,                 1.3239,                 0.3877,                0.33923,                0.30585,                0.17327,                 1.5074,                  1.931,                  1.457,                 1.5841,                 2.3345,                 1.3432,               0.009802,               0.009802,               0.009802
                     13,                 1.4283,                 1.9296,                 1.3946,                 1.5637,                 2.3835,                 1.3088,                0.42447,                0.36372,                0.34136,                0.19495,                  1.517,                  1.847,                 1.4213,                 1.5847,                 2.2183,                 1.3269,              0.0097822,              0.0097822,              0.0097822
                     14,                  1.414,                 1.8753,                 1.3891,                 1.5557,                 2.3088,                 1.3111,                0.33356,                0.28276,                0.24257,                0.13695,                 1.5449,                 2.1466,                 1.4346,                 1.6482,                 2.5336,                 1.3701,              0.0097624,              0.0097624,              0.0097624
                     15,                 1.3957,                 1.8573,                 1.3838,                 1.5434,                 2.2738,                  1.312,                0.46263,                0.37044,                 0.3641,                0.21496,                 1.4116,                  1.829,                 1.3581,                 1.5192,                 2.1871,                 1.2958,              0.0097426,              0.0097426,              0.0097426
                     16,                 1.3932,                  1.846,                 1.3752,                 1.5212,                 2.2637,                 1.3045,                0.39053,                0.34252,                 0.3036,                0.17808,                 1.4615,                 2.0024,                 1.3821,                  1.578,                 2.3716,                 1.3149,              0.0097228,              0.0097228,              0.0097228
                     17,                 1.3841,                 1.8248,                 1.3714,                 1.5317,                 2.2266,                  1.305,                 0.4588,                0.38833,                0.36526,                0.21738,                 1.3988,                 1.7386,                 1.3565,                 1.5224,                 2.0955,                  1.299,               0.009703,               0.009703,               0.009703
                     18,                 1.3684,                 1.7732,                 1.3582,                 1.5258,                 2.1921,                   1.29,                0.42207,                0.34092,                 0.3242,                0.19087,                 1.4785,                 1.9208,                 1.3859,                 1.5773,                 2.3529,                 1.3221,              0.0096832,              0.0096832,              0.0096832
                     19,                 1.3634,                 1.7525,                 1.3506,                 1.5056,                 2.1682,                 1.2869,                0.45577,                0.34362,                0.33873,                0.20266,                 1.4828,                 1.9788,                 1.3964,                 1.5685,                 2.2955,                  1.321,              0.0096634,              0.0096634,              0.0096634
                     20,                 1.3564,                 1.7328,                 1.3498,                 1.5091,                 2.1334,                 1.2956,                0.48664,                0.40529,                0.40695,                0.24842,                 1.3655,                 1.7013,                 1.3246,                  1.493,                 2.0147,                 1.2748,              0.0096436,              0.0096436,              0.0096436
                     21,                 1.3325,                 1.7016,                 1.3342,                 1.4945,                 2.0836,                 1.2826,                  0.475,                0.41679,                0.40491,                0.24894,                 1.3522,                 1.6195,                 1.3086,                  1.475,                  1.948,                  1.264,              0.0096238,              0.0096238,              0.0096238
                     22,                 1.3507,                 1.6981,                 1.3371,                 1.5162,                 2.0906,                 1.2869,                0.49841,                0.36602,                0.37266,                0.23457,                  1.394,                 1.8499,                 1.3423,                 1.5135,                 2.2016,                   1.29,               0.009604,               0.009604,               0.009604
                     23,                 1.3189,                 1.6584,                 1.3221,                 1.4774,                   2.04,                 1.2694,                0.51384,                0.47504,                0.47474,                0.30308,                 1.2864,                 1.4301,                 1.2649,                  1.435,                 1.7435,                 1.2346,              0.0095842,              0.0095842,              0.0095842
                     24,                  1.321,                 1.6615,                 1.3234,                 1.4913,                 2.0462,                 1.2776,                0.49478,                 0.4366,                0.44661,                0.27496,                 1.3314,                 1.5232,                 1.3009,                 1.4656,                 1.8552,                 1.2738,              0.0095644,              0.0095644,              0.0095644
                     25,                 1.3178,                 1.6331,                  1.318,                  1.482,                 2.0193,                 1.2759,                0.51689,                0.44715,                0.45879,                 0.2884,                 1.3065,                 1.4894,                 1.2754,                 1.4539,                  1.799,                 1.2551,              0.0095446,              0.0095446,              0.0095446
                     26,                 1.3129,                 1.6217,                  1.313,                 1.4787,                 1.9992,                 1.2747,                0.54815,                0.47153,                0.48945,                 0.3088,                 1.3149,                 1.5046,                 1.2817,                 1.4442,                 1.7795,                 1.2498,              0.0095248,              0.0095248,              0.0095248
                     27,                  1.304,                 1.6021,                 1.3065,                 1.4626,                 1.9711,                 1.2604,                0.48396,                0.40251,                0.39441,                0.24806,                 1.3753,                 1.7587,                 1.3407,                 1.4955,                 2.0689,                 1.2917,               0.009505,               0.009505,               0.009505
                     28,                 1.3027,                 1.5883,                 1.3095,                 1.4758,                 1.9577,                 1.2688,                0.55201,                0.45941,                0.48834,                0.31415,                 1.2769,                 1.3916,                 1.2551,                 1.4279,                 1.6892,                 1.2273,              0.0094852,              0.0094852,              0.0094852
                     29,                 1.2963,                 1.5777,                 1.3077,                 1.4691,                 1.9515,                 1.2723,                0.60649,                0.51583,                0.55312,                0.35664,                 1.2586,                 1.3089,                 1.2327,                 1.4142,                 1.5848,                 1.2282,              0.0094654,              0.0094654,              0.0094654
                     30,                 1.2931,                 1.5716,                 1.3008,                 1.4583,                 1.9395,                 1.2624,                0.55156,                0.48147,                0.50589,                0.32451,                 1.2645,                 1.3846,                 1.2491,                 1.4027,                 1.6817,                 1.2162,              0.0094456,              0.0094456,              0.0094456
                     31,                 1.2788,                 1.5592,                 1.2907,                 1.4545,                  1.916,                 1.2636,                0.55902,                0.48543,                0.49807,                0.31434,                 1.3007,                 1.4118,                 1.2767,                 1.4261,                 1.7126,                 1.2568,              0.0094258,              0.0094258,              0.0094258
                     32,                  1.286,                 1.5448,                 1.2958,                 1.4631,                 1.8965,                 1.2621,                0.57115,                0.46485,                0.49239,                0.31439,                 1.2991,                 1.4668,                 1.2641,                 1.4383,                 1.7411,                 1.2402,               0.009406,               0.009406,               0.009406
                     33,                 1.2768,                 1.5424,                 1.2957,                 1.4401,                 1.9036,                 1.2646,                0.60209,                0.50444,                0.55048,                0.35301,                 1.2476,                  1.325,                 1.2419,                 1.3971,                 1.6056,                 1.2282,              0.0093862,              0.0093862,              0.0093862
                     34,                 1.2804,                 1.5265,                  1.287,                 1.4582,                 1.8844,                 1.2594,                0.60377,                 0.5238,                0.55414,                0.36097,                 1.2269,                 1.2952,                 1.2287,                 1.3867,                 1.5825,                 1.2143,              0.0093664,              0.0093664,              0.0093664
                     35,                 1.2635,                 1.5094,                 1.2834,                 1.4363,                  1.867,                 1.2521,                0.64754,                 0.5149,                0.57737,                0.38108,                 1.1985,                 1.2494,                 1.1887,                 1.3518,                 1.5316,                 1.1828,              0.0093466,              0.0093466,              0.0093466
                     36,                  1.262,                 1.4976,                 1.2791,                 1.4383,                 1.8619,                 1.2475,                0.62602,                0.54944,                0.59312,                0.39221,                 1.1932,                 1.1956,                 1.1916,                 1.3608,                 1.4851,                 1.1941,              0.0093268,              0.0093268,              0.0093268
                     37,                 1.2612,                 1.4817,                 1.2816,                  1.441,                 1.8391,                 1.2514,                0.61027,                0.53401,                 0.5724,                0.37934,                  1.198,                 1.2352,                 1.1986,                 1.3477,                 1.5466,                 1.1861,               0.009307,               0.009307,               0.009307
                     38,                 1.2522,                 1.4761,                 1.2729,                 1.4355,                 1.8372,                 1.2454,                0.61421,                0.52913,                0.57153,                0.37152,                 1.2124,                 1.2409,                 1.2023,                 1.3716,                 1.5315,                 1.1905,              0.0092872,              0.0092872,              0.0092872
                     39,                 1.2586,                 1.4668,                  1.278,                 1.4353,                   1.83,                 1.2506,                0.62565,                0.52737,                0.58327,                0.38926,                 1.1865,                 1.2249,                 1.1854,                 1.3427,                 1.5101,                 1.1824,              0.0092674,              0.0092674,              0.0092674
                     40,                 1.2496,                 1.4586,                 1.2725,                 1.4226,                 1.8143,                 1.2488,                0.66074,                0.51813,                0.59168,                0.39636,                 1.1845,                 1.2141,                  1.182,                 1.3423,                 1.5091,                 1.1819,              0.0092476,              0.0092476,              0.0092476
                     41,                 1.2415,                 1.4437,                 1.2692,                 1.4229,                 1.7998,                 1.2458,                0.62697,                0.56673,                0.60799,                 0.4031,                 1.1708,                 1.1704,                 1.1805,                 1.3354,                 1.4262,                 1.1768,              0.0092278,              0.0092278,              0.0092278
                     42,                 1.2375,                 1.4264,                 1.2597,                 1.4259,                 1.7886,                  1.242,                0.64698,                0.48803,                0.56446,                0.37328,                 1.2058,                 1.2841,                 1.2153,                 1.3622,                 1.5528,                 1.2118,               0.009208,               0.009208,               0.009208
                     43,                 1.2429,                  1.428,                 1.2629,                 1.4278,                 1.7791,                  1.243,                0.67082,                0.56344,                0.63398,                0.43293,                  1.154,                 1.1286,                 1.1506,                 1.3217,                 1.3909,                 1.1587,              0.0091882,              0.0091882,              0.0091882
                     44,                 1.2295,                 1.4218,                  1.258,                 1.4143,                 1.7697,                 1.2379,                0.63688,                 0.5527,                0.59965,                0.40129,                 1.1848,                 1.2046,                 1.1883,                 1.3449,                 1.5032,                 1.1802,              0.0091684,              0.0091684,              0.0091684
                     45,                 1.2311,                 1.4032,                 1.2575,                 1.4079,                 1.7549,                 1.2348,                0.64558,                   0.54,                0.60189,                0.39727,                 1.1868,                  1.174,                 1.1829,                 1.3451,                 1.4426,                  1.184,              0.0091486,              0.0091486,              0.0091486
                     46,                 1.2291,                  1.401,                 1.2538,                 1.4043,                 1.7525,                 1.2302,                0.66824,                0.56082,                0.63347,                0.43003,                 1.1584,                 1.1126,                 1.1656,                  1.325,                 1.3594,                 1.1671,              0.0091288,              0.0091288,              0.0091288
                     47,                 1.2389,                 1.4002,                 1.2598,                 1.4246,                 1.7499,                 1.2412,                0.68645,                 0.5575,                0.63297,                0.42906,                 1.1507,                 1.1417,                 1.1651,                 1.3112,                 1.4395,                 1.1715,               0.009109,               0.009109,               0.009109
                     48,                 1.2222,                 1.3966,                 1.2529,                 1.3985,                 1.7446,                 1.2367,                0.64619,                0.57501,                0.63582,                0.43137,                 1.1352,                 1.1425,                 1.1578,                 1.2909,                 1.4033,                 1.1528,              0.0090892,              0.0090892,              0.0090892
                     49,                 1.2325,                 1.3815,                 1.2551,                 1.4259,                 1.7149,                 1.2396,                0.67403,                0.56145,                0.62427,                0.41954,                 1.1874,                 1.1542,                 1.1859,                 1.3459,                 1.4192,                 1.1876,              0.0090694,              0.0090694,              0.0090694
                     50,                 1.2099,                 1.3699,                  1.242,                  1.398,                 1.7163,                 1.2287,                0.68029,                0.57087,                0.63772,                 0.4382,                 1.1263,                 1.1089,                 1.1453,                 1.2875,                 1.3816,                 1.1477,              0.0090496,              0.0090496,              0.0090496
                     51,                 1.2171,                 1.3757,                 1.2548,                 1.3954,                 1.7217,                 1.2358,                0.66574,                0.57717,                0.63056,                0.42948,                 1.1542,                  1.121,                 1.1529,                 1.3189,                 1.3852,                 1.1536,              0.0090298,              0.0090298,              0.0090298
                     52,                 1.2217,                 1.3807,                 1.2485,                 1.3978,                 1.7356,                 1.2266,                 0.6845,                0.60177,                0.66354,                0.45631,                 1.1188,                 1.0519,                 1.1395,                 1.2769,                 1.3303,                  1.145,                0.00901,                0.00901,                0.00901
                     53,                 1.2059,                 1.3554,                 1.2428,                 1.3939,                 1.7046,                 1.2257,                0.71018,                0.57388,                0.64971,                0.44964,                 1.1168,                 1.0598,                 1.1371,                  1.271,                 1.3337,                 1.1327,              0.0089902,              0.0089902,              0.0089902
                     54,                 1.2078,                  1.355,                 1.2452,                  1.387,                 1.7053,                 1.2271,                0.70523,                0.57948,                 0.6625,                0.45448,                 1.1126,                  1.066,                 1.1367,                 1.2786,                 1.3401,                 1.1479,              0.0089704,              0.0089704,              0.0089704
                     55,                 1.2097,                  1.347,                 1.2382,                 1.3973,                 1.6907,                 1.2226,                0.71289,                0.57805,                0.66019,                0.45636,                 1.1192,                 1.0558,                 1.1382,                  1.291,                 1.3062,                 1.1526,              0.0089506,              0.0089506,              0.0089506
                     56,                 1.2182,                 1.3356,                 1.2394,                 1.4118,                 1.6811,                 1.2273,                0.71541,                0.58698,                0.66897,                0.46267,                 1.1229,                 1.0362,                 1.1443,                 1.2817,                 1.2964,                 1.1551,              0.0089308,              0.0089308,              0.0089308
                     57,                 1.2112,                 1.3318,                 1.2465,                 1.4012,                 1.6804,                 1.2305,                0.68864,                0.61162,                0.67572,                0.46727,                 1.1046,                 1.0246,                 1.1218,                 1.2745,                 1.2902,                 1.1348,               0.008911,               0.008911,               0.008911
                     58,                 1.2093,                 1.3425,                 1.2446,                 1.3965,                 1.6875,                 1.2299,                0.70697,                0.64186,                0.69241,                0.48248,                 1.0892,                0.99323,                  1.122,                 1.2474,                 1.2461,                 1.1365,              0.0088912,              0.0088912,              0.0088912
                     59,                 1.1947,                 1.3078,                 1.2337,                  1.383,                 1.6595,                 1.2207,                0.73393,                0.63282,                0.70961,                0.50223,                 1.0917,                0.97021,                 1.1226,                 1.2492,                 1.2047,                 1.1372,              0.0088714,              0.0088714,              0.0088714
                     60,                 1.2076,                 1.3155,                  1.241,                 1.3984,                 1.6655,                 1.2237,                0.69569,                0.60754,                0.67542,                0.47641,                 1.0892,                 1.0138,                 1.1284,                 1.2439,                  1.273,                 1.1366,              0.0088516,              0.0088516,              0.0088516
                     61,                 1.1989,                 1.3102,                  1.236,                 1.3826,                 1.6622,                 1.2251,                0.73014,                0.59277,                 0.6824,                0.48495,                 1.0742,                 1.0043,                  1.124,                  1.235,                 1.2751,                 1.1379,              0.0088318,              0.0088318,              0.0088318
                     62,                 1.1885,                 1.3022,                 1.2301,                 1.3834,                 1.6398,                  1.219,                0.71098,                0.61495,                0.68576,                0.48713,                 1.0721,                0.98318,                 1.1161,                 1.2337,                 1.2403,                 1.1287,               0.008812,               0.008812,               0.008812
                     63,                 1.1859,                 1.2862,                 1.2292,                 1.3766,                 1.6303,                  1.216,                0.71494,                0.60717,                 0.6847,                0.48562,                 1.0887,                0.99883,                 1.1203,                 1.2498,                  1.258,                 1.1315,              0.0087922,              0.0087922,              0.0087922
                     64,                 1.2015,                 1.3048,                 1.2338,                 1.3902,                 1.6512,                 1.2203,                0.72938,                0.60577,                0.69609,                0.49588,                 1.0636,                0.97623,                 1.1083,                 1.2262,                 1.2211,                 1.1222,              0.0087724,              0.0087724,              0.0087724
                     65,                 1.1806,                  1.283,                 1.2192,                 1.3721,                  1.625,                 1.2112,                0.73849,                0.63208,                0.71732,                0.51385,                 1.0515,                0.93434,                 1.0937,                 1.2162,                 1.1727,                 1.1116,              0.0087526,              0.0087526,              0.0087526
                     66,                 1.1839,                 1.3031,                 1.2273,                  1.375,                 1.6498,                  1.219,                0.73628,                 0.6321,                0.71666,                0.51312,                 1.0573,                0.93157,                 1.0978,                 1.2186,                  1.162,                 1.1116,              0.0087328,              0.0087328,              0.0087328
                     67,                 1.1725,                  1.274,                 1.2215,                 1.3726,                 1.6239,                 1.2166,                0.73712,                 0.6164,                0.70552,                0.50286,                 1.0489,                0.95842,                 1.0929,                 1.2234,                 1.2229,                 1.1146,               0.008713,               0.008713,               0.008713
                     68,                 1.1742,                  1.274,                 1.2217,                 1.3673,                 1.6122,                 1.2114,                0.74024,                0.63684,                 0.7239,                0.51282,                 1.0557,                0.92987,                 1.1089,                 1.2191,                 1.1865,                 1.1217,              0.0086932,              0.0086932,              0.0086932
                     69,                 1.1775,                 1.2631,                 1.2224,                 1.3713,                 1.6008,                 1.2135,                0.74463,                0.63957,                0.72652,                0.52238,                 1.0385,                0.91387,                 1.0956,                 1.2039,                 1.1532,                 1.1081,              0.0086734,              0.0086734,              0.0086734
                     70,                 1.1807,                 1.2648,                 1.2229,                  1.377,                 1.6028,                 1.2133,                0.74666,                0.63831,                0.72583,                0.52237,                 1.0432,                0.92266,                 1.0934,                 1.2085,                 1.1398,                 1.1048,              0.0086536,              0.0086536,              0.0086536
                     71,                 1.1774,                 1.2604,                 1.2219,                 1.3723,                 1.5985,                 1.2144,                0.76119,                0.64574,                0.73855,                0.53292,                 1.0437,                0.88869,                 1.0956,                  1.214,                 1.1104,                 1.1109,              0.0086338,              0.0086338,              0.0086338
                     72,                 1.1697,                 1.2549,                 1.2188,                  1.357,                 1.5842,                 1.2112,                0.76003,                0.65341,                0.74837,                   0.54,                 1.0332,                0.89025,                 1.0869,                 1.1977,                 1.1031,                 1.1046,               0.008614,               0.008614,               0.008614
                     73,                 1.1815,                 1.2528,                 1.2202,                 1.3775,                  1.595,                 1.2136,                0.75794,                0.65284,                0.74159,                0.53508,                 1.0221,                0.89972,                 1.0808,                 1.1915,                 1.1314,                 1.1041,              0.0085942,              0.0085942,              0.0085942
                     74,                 1.1615,                 1.2354,                 1.2131,                 1.3647,                 1.5668,                 1.2096,                0.74959,                0.67411,                0.75129,                0.54937,                   1.01,                0.86468,                  1.075,                 1.1791,                 1.0708,                  1.095,              0.0085744,              0.0085744,              0.0085744
                     75,                 1.1582,                 1.2385,                 1.2094,                 1.3576,                 1.5668,                 1.2029,                0.76131,                0.66137,                0.75345,                0.54934,                 1.0153,                0.86077,                 1.0721,                 1.1871,                  1.088,                 1.0939,              0.0085546,              0.0085546,              0.0085546
                     76,                 1.1685,                 1.2564,                 1.2164,                 1.3675,                 1.5857,                 1.2081,                0.77001,                0.66607,                0.75751,                0.55506,                 1.0144,                0.84835,                 1.0748,                 1.1799,                 1.0679,                 1.0883,              0.0085348,              0.0085348,              0.0085348
                     77,                 1.1442,                 1.2149,                 1.2042,                 1.3514,                 1.5471,                 1.2015,                0.76352,                0.66344,                0.75151,                0.54765,                 1.0121,                0.86127,                 1.0723,                 1.1895,                 1.0803,                 1.0943,               0.008515,               0.008515,               0.008515
                     78,                 1.1384,                 1.2178,                 1.2042,                 1.3359,                 1.5445,                 1.1991,                0.78716,                0.65877,                0.76275,                0.55705,                0.99824,                0.83592,                 1.0679,                 1.1692,                  1.045,                 1.0865,              0.0084952,              0.0084952,              0.0084952
                     79,                 1.1552,                 1.2173,                 1.2087,                 1.3558,                 1.5566,                  1.201,                0.75147,                0.70389,                0.77077,                 0.5669,                0.98914,                0.82989,                 1.0641,                 1.1603,                  1.048,                  1.083,              0.0084754,              0.0084754,              0.0084754
                     80,                 1.1587,                 1.2181,                 1.2065,                 1.3619,                 1.5524,                 1.1979,                0.77882,                0.67038,                0.76543,                0.56032,                0.99537,                0.82974,                 1.0607,                 1.1688,                 1.0425,                 1.0816,              0.0084556,              0.0084556,              0.0084556
                     81,                 1.1548,                   1.24,                 1.2115,                 1.3537,                 1.5822,                 1.2033,                0.78483,                0.66668,                0.76515,                0.55872,                 1.0005,                0.84834,                 1.0721,                 1.1689,                 1.0601,                  1.086,              0.0084358,              0.0084358,              0.0084358
                     82,                 1.1325,                 1.2201,                 1.2063,                 1.3229,                 1.5435,                 1.2007,                0.77769,                0.69823,                0.78453,                0.57599,                0.98812,                0.81214,                 1.0606,                 1.1643,                 1.0131,                 1.0801,               0.008416,               0.008416,               0.008416
                     83,                 1.1487,                  1.212,                 1.2035,                 1.3354,                 1.5426,                 1.1954,                0.76023,                0.70356,                 0.7816,                0.57994,                0.97919,                0.81425,                 1.0539,                 1.1481,                 1.0397,                 1.0733,              0.0083962,              0.0083962,              0.0083962
                     84,                 1.1531,                 1.2237,                 1.2135,                 1.3516,                 1.5578,                  1.207,                0.80359,                0.67387,                0.78024,                0.57963,                0.97985,                0.79996,                 1.0573,                 1.1469,                 1.0079,                 1.0758,              0.0083764,              0.0083764,              0.0083764
                     85,                 1.1443,                 1.1898,                    1.2,                 1.3476,                 1.5149,                 1.1991,                0.78654,                0.69169,                0.78187,                0.57791,                0.97317,                 0.8092,                 1.0477,                 1.1466,                 1.0219,                 1.0699,              0.0083566,              0.0083566,              0.0083566
                     86,                 1.1548,                 1.1941,                 1.2033,                 1.3648,                 1.5196,                 1.2029,                0.77809,                 0.7059,                 0.7883,                0.58678,                0.97061,                0.78003,                 1.0505,                 1.1421,                0.97981,                 1.0711,              0.0083368,              0.0083368,              0.0083368
                     87,                 1.1425,                 1.1832,                 1.1981,                 1.3436,                 1.5064,                 1.1931,                0.77725,                0.70006,                0.79176,                0.58813,                0.96823,                0.78772,                 1.0482,                 1.1329,                 1.0009,                 1.0648,               0.008317,               0.008317,               0.008317
                     88,                 1.1414,                 1.1854,                 1.1953,                 1.3366,                 1.5123,                 1.1934,                0.78375,                0.70628,                0.78975,                0.58518,                0.97172,                0.78859,                 1.0468,                   1.14,                 1.0168,                 1.0675,              0.0082972,              0.0082972,              0.0082972
                     89,                 1.1258,                 1.1806,                 1.1912,                 1.3342,                  1.513,                 1.1895,                 0.7844,                 0.6964,                0.78789,                0.58394,                0.96651,                0.77538,                 1.0391,                 1.1455,                0.98584,                 1.0652,              0.0082774,              0.0082774,              0.0082774
                     90,                 1.1356,                 1.1728,                 1.1919,                 1.3414,                 1.5046,                 1.1901,                0.81328,                0.69859,                0.79907,                0.59597,                0.95972,                0.77392,                 1.0424,                 1.1365,                0.98781,                 1.0691,              0.0082576,              0.0082576,              0.0082576
                     91,                 1.1421,                 1.1786,                 1.1994,                 1.3447,                 1.5097,                 1.1971,                0.77312,                 0.7154,                0.79645,                0.59184,                0.95532,                0.76826,                 1.0382,                 1.1363,                0.97747,                 1.0675,              0.0082378,              0.0082378,              0.0082378
                     92,                 1.1331,                 1.1748,                 1.1933,                 1.3357,                 1.4893,                 1.1925,                0.80054,                0.70793,                 0.8021,                 0.5975,                0.95308,                0.76013,                 1.0401,                 1.1306,                0.96681,                 1.0658,               0.008218,               0.008218,               0.008218
                     93,                 1.1292,                 1.1601,                 1.1906,                 1.3326,                 1.4864,                 1.1897,                0.80785,                  0.707,                0.80427,                0.59726,                 0.9573,                0.75362,                 1.0354,                 1.1293,                0.95521,                 1.0588,              0.0081982,              0.0081982,              0.0081982
                     94,                 1.1365,                 1.1665,                 1.1917,                 1.3361,                 1.5029,                 1.1868,                0.81575,                0.69949,                0.80266,                0.60174,                0.94888,                0.75012,                  1.039,                 1.1142,                0.94204,                 1.0546,              0.0081784,              0.0081784,              0.0081784
                     95,                 1.1305,                 1.1642,                 1.1927,                 1.3262,                 1.4857,                 1.1907,                0.80593,                0.71795,                0.80741,                 0.6039,                0.94929,                0.74795,                 1.0358,                 1.1191,                 0.9436,                 1.0532,              0.0081586,              0.0081586,              0.0081586
                     96,                 1.1299,                 1.1724,                 1.1889,                 1.3295,                 1.4897,                 1.1906,                0.80978,                0.71495,                0.80761,                0.61013,                0.94093,                0.74367,                 1.0296,                 1.1137,                0.92516,                  1.052,              0.0081388,              0.0081388,              0.0081388
                     97,                 1.1257,                 1.1582,                 1.1883,                 1.3257,                 1.4852,                 1.1909,                0.81681,                0.71251,                0.81109,                0.61393,                0.93196,                0.73393,                 1.0267,                 1.1032,                0.92654,                 1.0466,               0.008119,               0.008119,               0.008119
                     98,                 1.1196,                 1.1561,                  1.189,                 1.3245,                 1.4756,                 1.1888,                0.82365,                0.71871,                0.81522,                0.61323,                0.92931,                0.72656,                 1.0253,                 1.1092,                 0.9176,                 1.0467,              0.0080992,              0.0080992,              0.0080992
                     99,                 1.1195,                 1.1563,                 1.1831,                 1.3286,                 1.4855,                 1.1846,                0.82252,                0.73013,                0.81766,                0.61573,                0.92764,                0.72984,                 1.0239,                 1.1059,                0.92056,                 1.0485,              0.0080794,              0.0080794,              0.0080794
                    100,                 1.1235,                 1.1534,                 1.1906,                 1.3235,                 1.4738,                 1.1902,                  0.821,                0.72135,                0.81479,                0.61774,                0.92692,                0.72996,                 1.0246,                 1.0953,                0.92288,                 1.0476,              0.0080596,              0.0080596,              0.0080596
                    101,                 1.1154,                 1.1551,                 1.1846,                 1.3157,                 1.4772,                 1.1848,                0.81905,                0.72855,                0.81911,                0.62016,                0.92102,                 0.7221,                 1.0181,                 1.0939,                0.91229,                 1.0424,              0.0080398,              0.0080398,              0.0080398
                    102,                 1.1033,                  1.144,                 1.1818,                 1.3056,                 1.4703,                 1.1813,                0.82393,                0.72649,                0.82063,                0.62526,                0.92054,                 0.7154,                 1.0184,                 1.0862,                0.90722,                 1.0398,                0.00802,                0.00802,                0.00802
                    103,                 1.1224,                 1.1385,                 1.1877,                 1.3243,                 1.4618,                 1.1864,                0.81749,                0.73675,                0.82623,                0.62777,                0.91382,                 0.7064,                 1.0135,                 1.0842,                0.89059,                  1.038,              0.0080002,              0.0080002,              0.0080002
                    104,                 1.1245,                 1.1407,                 1.1844,                 1.3348,                 1.4668,                 1.1859,                0.82495,                0.74562,                0.83193,                0.63173,                0.91385,                0.69806,                 1.0191,                 1.0824,                0.87478,                 1.0429,              0.0079804,              0.0079804,              0.0079804
                    105,                 1.1153,                 1.1551,                 1.1808,                 1.3188,                 1.4793,                 1.1829,                0.83518,                 0.7454,                0.83222,                 0.6327,                0.91573,                0.69685,                 1.0157,                  1.078,                0.88541,                 1.0354,              0.0079606,              0.0079606,              0.0079606
                    106,                 1.1155,                 1.1391,                 1.1869,                  1.316,                 1.4559,                 1.1848,                0.82407,                0.73387,                0.82325,                0.62092,                0.92102,                0.71915,                  1.019,                 1.0906,                0.90795,                 1.0425,              0.0079408,              0.0079408,              0.0079408
                    107,                 1.1209,                  1.132,                 1.1829,                 1.3137,                 1.4594,                 1.1812,                0.81897,                 0.7506,                0.83195,                 0.6355,                0.90955,                0.69018,                 1.0123,                 1.0785,                 0.8823,                 1.0327,               0.007921,               0.007921,               0.007921
                    108,                 1.1126,                 1.1218,                 1.1802,                 1.3109,                   1.45,                 1.1796,                0.85156,                0.74198,                0.83582,                 0.6395,                0.90668,                0.68675,                 1.0099,                 1.0729,                 0.8763,                 1.0302,              0.0079012,              0.0079012,              0.0079012
                    109,                 1.1081,                 1.1309,                 1.1772,                 1.3139,                 1.4487,                 1.1765,                0.85014,                0.71681,                 0.8265,                0.63107,                0.90994,                 0.6987,                 1.0098,                 1.0747,                0.88692,                 1.0307,              0.0078814,              0.0078814,              0.0078814
                    110,                 1.0977,                 1.1187,                 1.1769,                 1.2972,                 1.4416,                 1.1751,                0.81832,                0.76131,                0.83677,                 0.6392,                0.90172,                0.68286,                 1.0086,                 1.0623,                0.87362,                 1.0273,              0.0078616,              0.0078616,              0.0078616
                    111,                 1.1118,                 1.1204,                 1.1808,                   1.32,                 1.4385,                 1.1823,                0.82181,                0.75957,                0.83673,                 0.6398,                0.90059,                0.68055,                 1.0066,                 1.0643,                0.86152,                  1.025,              0.0078418,              0.0078418,              0.0078418
                    112,                 1.1009,                 1.1213,                  1.177,                 1.2993,                 1.4515,                 1.1739,                0.82634,                0.75138,                0.83649,                0.64132,                0.89788,                0.67551,                 1.0054,                 1.0652,                0.86079,                 1.0262,               0.007822,               0.007822,               0.007822
                    113,                 1.1055,                 1.1174,                 1.1749,                  1.308,                 1.4287,                 1.1753,                0.84481,                 0.7432,                0.83834,                0.64522,                0.89458,                0.67732,                 1.0038,                 1.0611,                0.85734,                 1.0276,              0.0078022,              0.0078022,              0.0078022
                    114,                 1.0988,                 1.1282,                 1.1739,                 1.2996,                 1.4457,                 1.1765,                 0.8368,                0.75091,                0.84046,                   0.65,                0.89456,                0.67477,                 1.0064,                 1.0626,                0.85228,                 1.0306,              0.0077824,              0.0077824,              0.0077824
                    115,                 1.1006,                 1.1007,                 1.1738,                 1.3058,                 1.4272,                 1.1715,                0.83653,                0.75112,                0.84055,                0.64865,                0.89311,                0.66695,                 1.0033,                 1.0563,                0.84709,                 1.0223,              0.0077626,              0.0077626,              0.0077626
                    116,                 1.1166,                 1.1173,                 1.1765,                 1.3295,                 1.4399,                 1.1787,                0.83102,                0.75608,                 0.8403,                0.64767,                0.89273,                0.66903,                 1.0029,                 1.0554,                0.85273,                 1.0225,              0.0077428,              0.0077428,              0.0077428
                    117,                 1.0981,                 1.0976,                 1.1715,                 1.2989,                 1.4166,                 1.1722,                0.84484,                0.75541,                 0.8459,                0.65104,                0.88829,                0.65974,                 1.0014,                 1.0587,                0.83939,                 1.0238,               0.007723,               0.007723,               0.007723
                    118,                 1.0922,                 1.1047,                 1.1733,                 1.2991,                 1.4143,                 1.1736,                 0.8408,                0.75945,                0.84661,                0.65113,                0.88669,                0.65938,                 1.0002,                 1.0552,                 0.8399,                 1.0222,              0.0077032,              0.0077032,              0.0077032
                    119,                 1.0941,                 1.0997,                 1.1693,                 1.2999,                 1.4109,                 1.1701,                0.84016,                0.77057,                0.84925,                0.65641,                0.87932,                0.65094,                 0.9968,                 1.0518,                0.83914,                  1.022,              0.0076834,              0.0076834,              0.0076834
                    120,                 1.0934,                 1.0982,                 1.1704,                 1.2985,                 1.4252,                 1.1717,                 0.8534,                0.75788,                0.84876,                0.65749,                0.87932,                0.64929,                0.99728,                 1.0457,                0.82347,                 1.0196,              0.0076636,              0.0076636,              0.0076636
                    121,                 1.0938,                 1.0904,                 1.1689,                 1.2995,                 1.4038,                   1.17,                0.85288,                0.75717,                0.84769,                0.65822,                0.87523,                 0.6411,                0.99492,                 1.0457,                  0.817,                 1.0214,              0.0076438,              0.0076438,              0.0076438
                    122,                  1.093,                 1.0997,                 1.1666,                 1.3016,                  1.413,                 1.1661,                0.83584,                 0.7708,                0.84814,                0.65989,                0.87252,                0.64625,                0.99179,                 1.0427,                0.82372,                 1.0165,               0.007624,               0.007624,               0.007624
                    123,                 1.0868,                 1.1003,                 1.1721,                 1.2794,                 1.4071,                 1.1702,                0.84347,                0.76302,                0.84866,                0.65861,                0.87252,                 0.6456,                0.99489,                   1.04,                0.81979,                 1.0171,              0.0076042,              0.0076042,              0.0076042
                    124,                 1.0969,                 1.0924,                  1.171,                 1.2977,                 1.3957,                 1.1712,                0.84553,                0.75873,                0.84874,                0.65771,                0.87169,                0.64657,                0.99409,                 1.0411,                0.81724,                 1.0192,              0.0075844,              0.0075844,              0.0075844
                    125,                 1.0898,                 1.0814,                 1.1706,                  1.294,                 1.3903,                 1.1744,                 0.8501,                0.76607,                0.85378,                0.66257,                0.86997,                0.64087,                0.99242,                 1.0431,                 0.8096,                 1.0178,              0.0075646,              0.0075646,              0.0075646
                    126,                 1.0888,                 1.0872,                 1.1633,                 1.2973,                 1.3907,                 1.1642,                0.85104,                0.75951,                 0.8543,                0.66358,                0.86783,                0.63826,                0.98833,                 1.0437,                0.80171,                 1.0135,              0.0075448,              0.0075448,              0.0075448
                    127,                 1.0965,                 1.0796,                 1.1689,                 1.3056,                 1.3994,                 1.1699,                0.84289,                0.76976,                0.85695,                0.66502,                 0.8668,                0.63863,                0.98879,                 1.0406,                0.80787,                 1.0114,               0.007525,               0.007525,               0.007525
                    128,                 1.0939,                  1.081,                 1.1702,                  1.303,                 1.3962,                  1.171,                0.85029,                0.77531,                0.85952,                0.66684,                0.86505,                0.63281,                0.98717,                 1.0347,                0.80073,                 1.0107,              0.0075052,              0.0075052,              0.0075052
                    129,                 1.0875,                 1.0723,                 1.1687,                 1.2902,                 1.3898,                 1.1681,                0.85708,                0.77243,                0.86228,                0.66933,                0.86683,                0.62971,                0.98649,                 1.0341,                0.79963,                 1.0103,              0.0074854,              0.0074854,              0.0074854
                    130,                  1.085,                 1.0658,                 1.1596,                 1.2896,                  1.368,                 1.1649,                  0.846,                0.77713,                   0.86,                0.66806,                0.86353,                0.63114,                0.98483,                 1.0343,                0.80261,                 1.0099,              0.0074656,              0.0074656,              0.0074656
                    131,                 1.0849,                 1.0777,                 1.1608,                 1.2946,                 1.4014,                 1.1612,                0.86385,                0.77682,                0.86381,                 0.6719,                0.85793,                0.62171,                0.98131,                 1.0303,                0.78659,                 1.0065,              0.0074458,              0.0074458,              0.0074458
                    132,                 1.0975,                 1.0782,                 1.1676,                 1.2994,                 1.3989,                 1.1675,                0.86362,                0.77418,                0.86123,                0.67102,                0.85676,                0.62297,                0.98107,                 1.0312,                0.79182,                 1.0045,               0.007426,               0.007426,               0.007426
                    133,                 1.0859,                 1.0713,                 1.1645,                 1.2851,                 1.3938,                 1.1631,                0.86677,                0.77491,                0.86479,                0.67406,                0.85446,                0.61701,                0.98024,                 1.0233,                0.78366,                 1.0013,              0.0074062,              0.0074062,              0.0074062
                    134,                 1.0772,                 1.0661,                 1.1572,                 1.2759,                 1.3773,                 1.1611,                0.86871,                0.77172,                0.86106,                 0.6722,                0.85205,                0.61595,                 0.9781,                 1.0192,                0.78636,                0.99904,              0.0073864,              0.0073864,              0.0073864
                    135,                 1.0801,                 1.0652,                 1.1597,                 1.2843,                 1.3844,                 1.1637,                0.85595,                0.78279,                0.86338,                0.67394,                0.85302,                0.61428,                0.97828,                 1.0213,                0.77731,                 1.0003,              0.0073666,              0.0073666,              0.0073666
                    136,                 1.0675,                 1.0507,                 1.1536,                  1.273,                 1.3619,                 1.1588,                0.86344,                0.78165,                0.86507,                0.67669,                0.85103,                0.61078,                 0.9759,                 1.0183,                0.77452,                0.99824,              0.0073468,              0.0073468,              0.0073468
                    137,                 1.0721,                 1.0479,                 1.1553,                 1.2747,                 1.3569,                 1.1643,                 0.8722,                0.77824,                0.86682,                0.67748,                0.84963,                0.60547,                0.97663,                 1.0151,                0.76929,                 0.9994,               0.007327,               0.007327,               0.007327
                    138,                 1.0696,                 1.0456,                 1.1516,                 1.2745,                 1.3507,                 1.1565,                0.87792,                0.77396,                0.86675,                0.67637,                0.84964,                 0.6036,                0.97611,                 1.0168,                0.76785,                 1.0006,              0.0073072,              0.0073072,              0.0073072
                    139,                 1.0757,                 1.0465,                 1.1577,                 1.2747,                 1.3577,                 1.1603,                0.86993,                0.77577,                0.86647,                0.67738,                0.84528,                0.60265,                0.97449,                 1.0143,                0.76694,                0.99847,              0.0072874,              0.0072874,              0.0072874
                    140,                  1.082,                 1.0548,                 1.1618,                 1.2796,                 1.3736,                 1.1631,                0.87946,                0.76686,                0.86676,                0.67968,                0.84384,                0.60153,                 0.9742,                 1.0123,                 0.7654,                0.99767,              0.0072676,              0.0072676,              0.0072676
                    141,                 1.0784,                 1.0545,                 1.1539,                 1.2866,                 1.3675,                 1.1578,                0.88031,                0.77708,                0.87085,                0.68394,                0.84158,                0.59673,                0.97133,                 1.0095,                 0.7557,                0.99662,              0.0072478,              0.0072478,              0.0072478
                    142,                 1.0628,                 1.0442,                 1.1534,                 1.2624,                 1.3498,                 1.1579,                0.88816,                0.77325,                0.87096,                0.68388,                 0.8392,                0.59577,                0.96948,                 1.0086,                0.75448,                0.99601,               0.007228,               0.007228,               0.007228
                    143,                 1.0671,                  1.044,                 1.1479,                 1.2675,                 1.3618,                 1.1508,                0.88086,                0.77243,                0.87043,                0.68233,                0.83922,                0.59805,                0.96829,                 1.0099,                0.75888,                0.99567,              0.0072082,              0.0072082,              0.0072082
                    144,                 1.0757,                  1.035,                 1.1532,                 1.2794,                 1.3371,                 1.1548,                 0.8668,                0.79099,                  0.874,                0.68646,                0.83732,                0.59597,                0.96677,                  1.006,                0.74822,                0.99428,              0.0071884,              0.0071884,              0.0071884
                    145,                 1.0743,                 1.0512,                 1.1552,                 1.2822,                 1.3631,                 1.1618,                0.87961,                0.78356,                0.87419,                0.68865,                0.83442,                0.59027,                0.96637,                 0.9996,                0.74627,                0.99173,              0.0071686,              0.0071686,              0.0071686
                    146,                 1.0614,                 1.0292,                 1.1538,                 1.2603,                 1.3422,                 1.1562,                0.88125,                 0.7866,                0.87522,                0.68883,                0.83396,                0.58974,                 0.9667,                0.99836,                0.74496,                0.99221,              0.0071488,              0.0071488,              0.0071488
                    147,                 1.0698,                  1.039,                 1.1537,                 1.2655,                 1.3518,                 1.1567,                0.88023,                0.79038,                0.87623,                 0.6903,                0.83343,                0.58718,                0.96611,                0.99565,                0.74486,                  0.989,               0.007129,               0.007129,               0.007129
                    148,                 1.0659,                 1.0279,                 1.1515,                 1.2762,                 1.3354,                 1.1584,                0.88593,                 0.7901,                0.87666,                0.69041,                0.83265,                0.58314,                0.96551,                0.99641,                0.73622,                 0.9896,              0.0071092,              0.0071092,              0.0071092
                    149,                 1.0676,                 1.0408,                 1.1506,                 1.2709,                 1.3481,                  1.153,                0.88303,                0.78854,                 0.8759,                0.68951,                0.83314,                0.58432,                0.96572,                0.99995,                0.73641,                0.99112,              0.0070894,              0.0070894,              0.0070894
                    150,                 1.0684,                 1.0366,                 1.1475,                 1.2652,                 1.3463,                 1.1505,                0.87099,                0.79278,                0.87564,                 0.6908,                0.83086,                0.58227,                0.96468,                0.99559,                 0.7408,                 0.9889,              0.0070696,              0.0070696,              0.0070696
                    151,                 1.0696,                 1.0361,                 1.1508,                 1.2813,                 1.3549,                  1.158,                0.87678,                0.79551,                0.87718,                0.69273,                 0.8289,                0.57939,                0.96392,                0.99489,                0.73501,                0.98975,              0.0070498,              0.0070498,              0.0070498
                    152,                 1.0511,                 1.0237,                 1.1442,                 1.2513,                 1.3392,                 1.1528,                0.87048,                0.79785,                0.87717,                0.69349,                0.82675,                0.57691,                0.96249,                0.99311,                0.73358,                0.98886,                0.00703,                0.00703,                0.00703
                    153,                   1.07,                 1.0257,                 1.1513,                 1.2808,                 1.3388,                 1.1577,                0.88116,                0.78695,                0.87785,                 0.6938,                  0.826,                0.57617,                0.96313,                0.99138,                0.73304,                0.98858,              0.0070102,              0.0070102,              0.0070102
                    154,                 1.0619,                 1.0291,                 1.1467,                 1.2714,                 1.3312,                 1.1549,                0.87643,                0.79557,                 0.8802,                0.69556,                0.82326,                0.57451,                0.96194,                 0.9893,                0.72929,                0.98834,              0.0069904,              0.0069904,              0.0069904
                    155,                 1.0524,                 1.0253,                 1.1433,                 1.2525,                 1.3233,                 1.1491,                0.88053,                0.79167,                 0.8805,                 0.6966,                0.82274,                0.57451,                0.96198,                0.98616,                 0.7312,                0.98604,              0.0069706,              0.0069706,              0.0069706
                    156,                 1.0559,                 1.0195,                 1.1399,                 1.2675,                 1.3205,                 1.1469,                0.88315,                0.78911,                0.88118,                0.69729,                0.82114,                0.57396,                 0.9607,                0.98777,                0.72914,                0.98692,              0.0069508,              0.0069508,              0.0069508
                    157,                 1.0571,                 1.0248,                 1.1463,                 1.2588,                 1.3306,                 1.1511,                0.87432,                0.79509,                0.87949,                0.69678,                0.82019,                0.57282,                0.96008,                0.98538,                0.72788,                0.98434,               0.006931,               0.006931,               0.006931
                    158,                 1.0623,                 1.0138,                 1.1459,                 1.2716,                 1.3181,                  1.153,                0.87051,                0.79696,                0.88075,                0.69817,                0.81971,                0.57213,                0.95909,                0.98432,                0.72487,                0.98315,              0.0069112,              0.0069112,              0.0069112
                    159,                 1.0431,                 1.0107,                 1.1399,                 1.2391,                 1.3178,                 1.1473,                0.87291,                0.79809,                0.88177,                0.69939,                0.81954,                0.57177,                0.95926,                0.98325,                0.72136,                0.98447,              0.0068914,              0.0068914,              0.0068914
                    160,                 1.0584,                 1.0118,                 1.1445,                 1.2703,                 1.3204,                 1.1505,                0.88248,                0.79431,                0.88293,                 0.7011,                0.81817,                0.57044,                0.95904,                0.98198,                 0.7209,                0.98394,              0.0068716,              0.0068716,              0.0068716
                    161,                 1.0613,                  1.022,                 1.1448,                   1.27,                 1.3273,                 1.1507,                0.88729,                0.79195,                0.88372,                0.70258,                0.81707,                 0.5688,                0.95854,                0.98015,                0.71408,                0.98245,              0.0068518,              0.0068518,              0.0068518
                    162,                 1.0482,                 1.0048,                 1.1387,                 1.2519,                 1.3095,                 1.1485,                0.88235,                0.79547,                0.88408,                0.70297,                0.81537,                0.56733,                0.95766,                0.97833,                0.71191,                0.98236,               0.006832,               0.006832,               0.006832
                    163,                 1.0533,                 1.0099,                 1.1454,                  1.259,                 1.3223,                 1.1513,                0.88173,                0.79655,                0.88519,                0.70444,                0.81428,                0.56598,                0.95736,                0.97757,                0.70931,                0.98161,              0.0068122,              0.0068122,              0.0068122
                    164,                 1.0495,                0.99949,                 1.1428,                 1.2482,                 1.2924,                 1.1497,                0.89374,                0.79181,                0.88704,                0.70585,                0.81157,                0.56426,                0.95632,                0.97455,                0.70891,                0.98077,              0.0067924,              0.0067924,              0.0067924
                    165,                 1.0534,                 1.0134,                 1.1424,                 1.2548,                 1.3134,                 1.1473,                0.87798,                0.79929,                0.88681,                 0.7071,                0.81006,                0.56333,                0.95611,                0.97296,                0.70734,                0.97942,              0.0067726,              0.0067726,              0.0067726
                    166,                 1.0414,                 1.0125,                 1.1389,                 1.2444,                 1.3093,                 1.1438,                0.89059,                0.79456,                0.88734,                0.70812,                0.80919,                0.56156,                0.95566,                0.97471,                0.70124,                0.97963,              0.0067528,              0.0067528,              0.0067528
                    167,                 1.0527,                   1.01,                 1.1437,                 1.2586,                 1.3145,                 1.1467,                0.89624,                0.79136,                0.88787,                0.70805,                0.80718,                0.56006,                0.95413,                0.97201,                0.70043,                0.97806,               0.006733,               0.006733,               0.006733
                    168,                 1.0414,                  1.003,                 1.1358,                 1.2481,                  1.297,                 1.1392,                0.87754,                 0.8097,                0.88867,                0.70898,                0.80707,                 0.5581,                0.95384,                0.97086,                0.69606,                0.97762,              0.0067132,              0.0067132,              0.0067132
                    169,                 1.0528,                0.99583,                 1.1403,                 1.2626,                 1.2844,                 1.1453,                0.88389,                0.80472,                 0.8895,                 0.7099,                 0.8068,                0.55649,                0.95308,                 0.9691,                0.69613,                0.97602,              0.0066934,              0.0066934,              0.0066934
                    170,                 1.0383,                0.99469,                  1.137,                 1.2491,                 1.2931,                 1.1449,                0.89302,                0.80327,                0.89084,                0.71108,                0.80619,                0.55464,                0.95266,                0.96648,                0.69494,                0.97489,              0.0066736,              0.0066736,              0.0066736
                    171,                 1.0509,                 1.0007,                 1.1394,                  1.265,                 1.3034,                 1.1449,                 0.8817,                 0.8133,                  0.891,                0.71156,                0.80513,                0.55393,                0.95209,                0.96441,                0.69481,                0.97293,              0.0066538,              0.0066538,              0.0066538
                    172,                 1.0496,                0.99608,                 1.1374,                 1.2518,                 1.2883,                 1.1434,                0.87928,                0.81385,                  0.892,                0.71267,                0.80357,                 0.5526,                0.95167,                0.96365,                 0.6902,                0.97256,               0.006634,               0.006634,               0.006634
                    173,                 1.0438,                 0.9925,                 1.1362,                 1.2541,                  1.293,                 1.1399,                0.89715,                0.80324,                 0.8922,                0.71333,                0.80239,                 0.5507,                0.95074,                0.96023,                0.69246,                0.97067,              0.0066142,              0.0066142,              0.0066142
                    174,                 1.0534,                 1.0011,                  1.137,                 1.2633,                  1.301,                 1.1413,                 0.8949,                0.80607,                0.89148,                0.71377,                0.80143,                0.54971,                0.95008,                0.95998,                0.68923,                0.97029,              0.0065944,              0.0065944,              0.0065944
                    175,                 1.0369,                0.98853,                 1.1396,                 1.2377,                 1.2879,                 1.1443,                0.89136,                0.80094,                0.89173,                0.71386,                0.80049,                0.54935,                0.94956,                0.95902,                0.68836,                0.96994,              0.0065746,              0.0065746,              0.0065746
                    176,                   1.03,                0.97574,                 1.1302,                 1.2351,                   1.27,                 1.1371,                0.88723,                0.80361,                0.89153,                0.71435,                0.79923,                0.54855,                0.94879,                0.95813,                0.68853,                0.96952,              0.0065548,              0.0065548,              0.0065548
                    177,                 1.0384,                0.98652,                 1.1356,                 1.2465,                 1.2899,                  1.141,                0.88918,                0.80158,                0.89169,                0.71479,                0.79719,                0.54764,                0.94765,                  0.957,                0.68767,                0.96841,               0.006535,               0.006535,               0.006535
                    178,                   1.04,                 0.9766,                 1.1352,                 1.2529,                 1.2855,                 1.1395,                0.89211,                0.80344,                0.89224,                0.71591,                0.79679,                0.54673,                0.94746,                0.95541,                0.68604,                0.96729,              0.0065152,              0.0065152,              0.0065152
                    179,                 1.0259,                 0.9809,                 1.1255,                 1.2379,                 1.2787,                 1.1363,                0.89491,                0.79713,                0.89274,                0.71672,                0.79604,                0.54612,                0.94693,                0.95537,                0.68399,                0.96732,              0.0064954,              0.0064954,              0.0064954
                    180,                 1.0359,                0.98032,                 1.1335,                 1.2449,                 1.2665,                 1.1409,                0.89492,                0.79694,                 0.8927,                0.71682,                0.79532,                 0.5454,                0.94634,                0.95404,                0.68449,                0.96764,              0.0064756,              0.0064756,              0.0064756
                    181,                 1.0293,                0.96857,                 1.1301,                 1.2369,                 1.2622,                 1.1368,                0.89759,                0.79692,                0.89306,                0.71747,                0.79401,                0.54399,                0.94566,                0.95345,                0.68255,                0.96737,              0.0064558,              0.0064558,              0.0064558
                    182,                 1.0288,                0.97251,                 1.1277,                 1.2393,                 1.2782,                 1.1375,                0.89255,                0.80252,                0.89406,                0.71841,                0.79248,                0.54223,                0.94455,                0.95192,                0.68075,                0.96602,               0.006436,               0.006436,               0.006436
                    183,                 1.0253,                0.96773,                 1.1264,                 1.2391,                 1.2661,                 1.1343,                0.89468,                0.80238,                0.89408,                0.71878,                0.79104,                0.54103,                0.94373,                 0.9507,                0.67918,                 0.9655,              0.0064162,              0.0064162,              0.0064162
                    184,                 1.0461,                0.97337,                 1.1388,                 1.2489,                 1.2712,                 1.1432,                0.89066,                0.80482,                0.89434,                0.71849,                0.79025,                0.53965,                 0.9434,                0.94939,                0.67998,                0.96458,              0.0063964,              0.0063964,              0.0063964
                    185,                  1.033,                 0.9728,                 1.1316,                 1.2343,                 1.2681,                 1.1402,                0.89929,                0.79771,                0.89452,                 0.7192,                0.78953,                0.53802,                  0.943,                0.94964,                0.67562,                0.96508,              0.0063766,              0.0063766,              0.0063766
                    186,                  1.032,                0.96621,                 1.1287,                 1.2486,                 1.2634,                 1.1407,                0.88922,                 0.8072,                0.89539,                0.72023,                0.78851,                0.53616,                 0.9424,                0.94826,                0.67267,                0.96496,              0.0063568,              0.0063568,              0.0063568
                    187,                 1.0247,                0.95448,                 1.1239,                 1.2309,                 1.2514,                 1.1351,                0.88281,                0.81225,                0.89557,                0.72119,                0.78752,                 0.5349,                0.94166,                0.94847,                0.67086,                0.96429,               0.006337,               0.006337,               0.006337
                    188,                 1.0438,                0.97022,                 1.1333,                 1.2606,                 1.2643,                 1.1406,                0.88494,                0.80979,                0.89632,                0.72169,                0.78631,                 0.5342,                0.94091,                0.94653,                0.66863,                0.96373,              0.0063172,              0.0063172,              0.0063172
                    189,                 1.0269,                0.96417,                 1.1277,                  1.236,                 1.2548,                 1.1345,                0.88151,                0.81492,                0.89666,                0.72183,                0.78562,                0.53301,                0.94067,                0.94538,                0.66828,                0.96348,              0.0062974,              0.0062974,              0.0062974
                    190,                 1.0266,                0.96028,                 1.1293,                  1.231,                 1.2692,                  1.133,                0.88391,                 0.8157,                0.89658,                 0.7224,                0.78502,                0.53223,                0.94034,                0.94333,                0.66911,                0.96228,              0.0062776,              0.0062776,              0.0062776
                    191,                 1.0317,                0.97123,                   1.13,                 1.2281,                 1.2593,                 1.1356,                0.89015,                0.81291,                0.89684,                0.72255,                0.78406,                0.53174,                0.93988,                0.94341,                0.66744,                0.96237,              0.0062578,              0.0062578,              0.0062578
                    192,                 1.0309,                0.96293,                 1.1284,                 1.2302,                 1.2522,                 1.1347,                0.88788,                0.81272,                0.89687,                0.72248,                0.78357,                0.53147,                0.93931,                0.94214,                0.66527,                0.96137,               0.006238,               0.006238,               0.006238
                    193,                 1.0244,                0.95367,                  1.124,                 1.2271,                  1.251,                 1.1265,                0.88413,                0.81473,                0.89694,                0.72271,                0.78299,                0.53078,                0.93902,                0.94238,                  0.666,                0.96103,              0.0062182,              0.0062182,              0.0062182
                    194,                 1.0288,                0.96425,                 1.1269,                  1.239,                 1.2576,                  1.132,                0.88715,                 0.8145,                0.89722,                0.72355,                0.78213,                 0.5305,                0.93858,                0.94206,                0.66547,                 0.9611,              0.0061984,              0.0061984,              0.0061984
                    195,                 1.0211,                 0.9602,                 1.1252,                 1.2284,                 1.2524,                 1.1361,                0.89071,                 0.8128,                0.89758,                0.72366,                0.78159,                0.52994,                0.93836,                0.94234,                0.66316,                0.96134,              0.0061786,              0.0061786,              0.0061786
                    196,                 1.0223,                0.95394,                 1.1276,                 1.2249,                 1.2392,                 1.1356,                0.89065,                0.81349,                0.89812,                0.72434,                0.78115,                0.52954,                0.93816,                0.94163,                0.66222,                0.96072,              0.0061588,              0.0061588,              0.0061588
                    197,                  1.029,                0.95475,                 1.1231,                 1.2394,                 1.2491,                 1.1321,                0.89225,                0.81719,                0.89843,                0.72499,                0.78046,                0.52858,                0.93754,                0.94028,                 0.6617,                0.96019,               0.006139,               0.006139,               0.006139
                    198,                 1.0154,                0.95433,                 1.1219,                  1.227,                 1.2496,                 1.1282,                0.89668,                0.81403,                0.89908,                0.72584,                0.77971,                0.52776,                0.93697,                0.93948,                0.66039,                0.95969,              0.0061192,              0.0061192,              0.0061192
                    199,                 1.0216,                 0.9521,                 1.1271,                 1.2336,                 1.2457,                 1.1333,                0.89052,                0.81878,                0.89918,                 0.7261,                0.77943,                0.52698,                0.93669,                 0.9384,                0.66079,                0.95861,              0.0060994,              0.0060994,              0.0060994
                    200,                 1.0213,                0.94103,                 1.1231,                 1.2322,                 1.2421,                 1.1283,                0.89178,                0.81827,                0.89935,                0.72623,                0.77886,                0.52605,                0.93612,                0.93746,                0.66083,                0.95794,              0.0060796,              0.0060796,              0.0060796
                    201,                 1.0207,                0.95101,                 1.1263,                 1.2245,                 1.2459,                 1.1323,                0.89247,                0.81522,                0.89926,                0.72656,                 0.7783,                0.52493,                0.93574,                 0.9375,                0.65846,                0.95766,              0.0060598,              0.0060598,              0.0060598
                    202,                 1.0143,                0.94418,                 1.1172,                 1.2287,                 1.2342,                 1.1272,                0.89522,                0.81342,                0.89921,                0.72646,                0.77762,                0.52426,                 0.9354,                0.93744,                0.65692,                0.95728,                0.00604,                0.00604,                0.00604
                    203,                 1.0113,                0.93183,                 1.1178,                 1.2127,                 1.2207,                  1.125,                0.89022,                 0.8167,                0.89984,                0.72731,                0.77694,                0.52337,                0.93487,                0.93673,                0.65557,                0.95716,              0.0060202,              0.0060202,              0.0060202
                    204,                 1.0144,                 0.9398,                 1.1204,                 1.2146,                  1.231,                 1.1255,                0.89284,                0.81601,                0.90028,                 0.7278,                0.77651,                0.52268,                0.93469,                 0.9358,                0.65565,                0.95647,              0.0060004,              0.0060004,              0.0060004
                    205,                 1.0132,                  0.949,                 1.1211,                 1.2175,                  1.235,                 1.1256,                0.90009,                0.80978,                0.90043,                0.72802,                0.77594,                0.52231,                0.93442,                0.93423,                0.65635,                 0.9556,              0.0059806,              0.0059806,              0.0059806
                    206,                 1.0109,                0.94174,                  1.122,                 1.2137,                 1.2332,                 1.1282,                0.89802,                0.81486,                0.90094,                0.72811,                0.77531,                0.52149,                0.93416,                0.93371,                0.65563,                0.95529,              0.0059608,              0.0059608,              0.0059608
                    207,                   1.02,                0.94689,                 1.1217,                 1.2246,                 1.2385,                 1.1286,                0.89285,                0.81591,                0.90094,                0.72856,                0.77483,                0.52103,                0.93383,                0.93274,                0.65506,                0.95431,               0.005941,               0.005941,               0.005941
                    208,                 1.0098,                0.92693,                 1.1148,                 1.2198,                 1.2188,                 1.1248,                0.89696,                0.81683,                0.90131,                0.72895,                0.77417,                0.52053,                0.93354,                0.93267,                0.65389,                0.95406,              0.0059212,              0.0059212,              0.0059212
                    209,                 1.0119,                 0.9264,                 1.1159,                 1.2206,                 1.2098,                 1.1239,                0.89995,                0.81336,                0.90101,                0.72919,                0.77365,                 0.5201,                0.93329,                0.93181,                0.65292,                0.95349,              0.0059014,              0.0059014,              0.0059014
                    210,                 1.0159,                0.93242,                 1.1221,                 1.2195,                 1.2162,                 1.1274,                0.89902,                0.81346,                0.90104,                 0.7293,                0.77309,                 0.5196,                0.93293,                0.93174,                0.65195,                0.95352,              0.0058816,              0.0058816,              0.0058816
                    211,                 1.0144,                0.92647,                  1.117,                 1.2268,                 1.2159,                 1.1293,                0.89922,                0.81356,                 0.9011,                0.72918,                 0.7726,                0.51864,                0.93255,                 0.9317,                0.65157,                0.95326,              0.0058618,              0.0058618,              0.0058618
                    212,                 1.0028,                0.92763,                 1.1131,                 1.2113,                 1.2055,                 1.1234,                0.89098,                0.81978,                0.90161,                0.72927,                0.77214,                0.51771,                0.93224,                0.93138,                0.64936,                 0.9526,               0.005842,               0.005842,               0.005842
                    213,                  1.006,                0.91925,                 1.1113,                 1.2213,                 1.2048,                 1.1204,                0.89131,                0.81996,                0.90202,                0.72987,                0.77148,                0.51733,                0.93198,                 0.9303,                0.64807,                0.95231,              0.0058222,              0.0058222,              0.0058222
                    214,                 1.0094,                0.92934,                 1.1141,                  1.217,                  1.214,                 1.1267,                0.89367,                0.81876,                0.90267,                0.73059,                0.77096,                0.51677,                0.93173,                0.92987,                0.64696,                0.95196,              0.0058024,              0.0058024,              0.0058024
                    215,                 1.0142,                0.93743,                 1.1192,                 1.2206,                 1.2361,                 1.1254,                0.89362,                0.81996,                0.90319,                0.73115,                0.77026,                0.51605,                0.93139,                0.92961,                0.64375,                0.95214,              0.0057826,              0.0057826,              0.0057826
                    216,                 1.0015,                0.93053,                 1.1124,                 1.2071,                 1.2134,                 1.1201,                0.88653,                 0.8254,                0.90351,                0.73192,                0.76949,                 0.5154,                0.93106,                 0.9296,                0.64157,                0.95161,              0.0057628,              0.0057628,              0.0057628
                    217,                0.99945,                0.91829,                 1.1112,                 1.2048,                  1.199,                 1.1179,                0.89786,                0.81974,                0.90388,                0.73214,                0.76892,                0.51465,                0.93073,                0.92869,                0.64186,                  0.951,               0.005743,               0.005743,               0.005743
                    218,                0.99729,                0.91402,                 1.1113,                 1.2025,                 1.1977,                 1.1195,                0.89791,                0.81789,                0.90412,                0.73241,                0.76819,                0.51403,                0.93031,                0.92772,                0.64164,                0.95066,              0.0057232,              0.0057232,              0.0057232
                    219,                 1.0005,                0.91665,                 1.1096,                 1.2066,                 1.2055,                  1.116,                0.88446,                0.82491,                0.90428,                 0.7328,                 0.7677,                0.51346,                0.92998,                0.92726,                 0.6402,                0.95065,              0.0057034,              0.0057034,              0.0057034
                    220,                 1.0078,                0.93171,                 1.1168,                  1.212,                 1.2165,                 1.1247,                0.89353,                0.82066,                0.90461,                0.73313,                0.76701,                0.51289,                0.92953,                0.92671,                0.63832,                0.95025,              0.0056836,              0.0056836,              0.0056836
                    221,                 1.0054,                0.92412,                 1.1152,                 1.2084,                 1.2106,                 1.1243,                0.89025,                0.82259,                0.90435,                0.73329,                0.76666,                0.51237,                0.92929,                0.92633,                0.63745,                0.95022,              0.0056638,              0.0056638,              0.0056638
                    222,                 1.0187,                0.92563,                 1.1209,                 1.2218,                 1.2098,                 1.1256,                 0.8944,                0.82161,                0.90446,                0.73352,                0.76625,                0.51178,                0.92911,                0.92536,                0.63808,                0.94962,               0.005644,               0.005644,               0.005644
                    223,                 1.0091,                  0.925,                 1.1174,                 1.2161,                 1.2094,                 1.1235,                0.89543,                0.82101,                0.90481,                0.73364,                0.76601,                0.51121,                0.92893,                0.92558,                0.63698,                 0.9498,              0.0056242,              0.0056242,              0.0056242
                    224,                 1.0051,                0.91765,                 1.1144,                 1.2136,                 1.2048,                 1.1211,                0.89351,                 0.8224,                0.90517,                0.73418,                0.76558,                0.51061,                0.92874,                0.92466,                0.63519,                0.94923,              0.0056044,              0.0056044,              0.0056044
                    225,                0.99021,                0.91197,                 1.1067,                 1.1976,                 1.1824,                 1.1151,                0.89663,                0.82235,                0.90555,                0.73459,                0.76493,                0.51008,                0.92841,                0.92345,                 0.6355,                0.94913,              0.0055846,              0.0055846,              0.0055846
                    226,                 1.0022,                0.91094,                 1.1087,                 1.2179,                 1.1948,                 1.1165,                0.89689,                0.82377,                0.90563,                0.73516,                 0.7643,                0.50951,                0.92804,                0.92311,                0.63464,                0.94892,              0.0055648,              0.0055648,              0.0055648
                    227,                0.99467,                0.90513,                 1.1077,                 1.2063,                 1.1904,                 1.1206,                0.89166,                0.82693,                0.90598,                0.73566,                0.76369,                0.50879,                0.92783,                0.92277,                0.63275,                0.94878,               0.005545,               0.005545,               0.005545
                    228,                 1.0037,                0.91598,                 1.1112,                 1.2115,                  1.202,                 1.1214,                0.89284,                 0.8272,                0.90626,                0.73606,                0.76321,                0.50819,                0.92758,                0.92186,                0.63244,                0.94853,              0.0055252,              0.0055252,              0.0055252
                    229,                 0.9968,                  0.913,                 1.1074,                 1.2086,                 1.1929,                 1.1162,                0.88963,                0.83006,                0.90642,                0.73611,                0.76268,                0.50751,                0.92733,                0.92072,                0.63313,                0.94782,              0.0055054,              0.0055054,              0.0055054
                    230,                0.98104,                 0.9023,                 1.1064,                 1.1905,                 1.1791,                 1.1152,                0.89389,                0.82686,                0.90649,                0.73602,                0.76193,                0.50727,                0.92702,                0.92041,                0.63209,                0.94752,              0.0054856,              0.0054856,              0.0054856
                    231,                0.98655,                0.90226,                 1.1039,                 1.1951,                 1.1833,                 1.1131,                0.89398,                0.82767,                0.90685,                0.73611,                0.76136,                0.50676,                0.92671,                0.91931,                0.63121,                  0.947,              0.0054658,              0.0054658,              0.0054658
                    232,                  1.008,                0.91472,                 1.1132,                 1.2121,                 1.1894,                 1.1214,                0.89435,                0.82799,                0.90718,                0.73661,                0.76076,                0.50642,                0.92641,                 0.9186,                0.63068,                0.94665,               0.005446,               0.005446,               0.005446
                    233,                0.99722,                0.91555,                 1.1083,                 1.2134,                 1.1987,                 1.1199,                0.89588,                0.82668,                0.90753,                0.73719,                0.76022,                0.50607,                0.92617,                0.91798,                0.63061,                 0.9464,              0.0054262,              0.0054262,              0.0054262
                    234,                0.99083,                0.90276,                 1.1044,                  1.204,                 1.1769,                 1.1164,                0.89551,                0.82745,                0.90754,                0.73739,                 0.7597,                0.50553,                0.92581,                0.91817,                0.62928,                0.94611,              0.0054064,              0.0054064,              0.0054064
                    235,                0.99004,                0.90715,                  1.108,                 1.1956,                 1.1822,                 1.1153,                0.89597,                0.82697,                0.90763,                0.73741,                0.75927,                0.50525,                 0.9256,                0.91694,                0.62895,                0.94617,              0.0053866,              0.0053866,              0.0053866
                    236,                0.99433,                0.89617,                 1.1034,                 1.2017,                 1.1773,                 1.1147,                0.89659,                0.82518,                0.90801,                0.73811,                0.75882,                 0.5049,                0.92531,                0.91733,                0.62767,                0.94614,              0.0053668,              0.0053668,              0.0053668
                    237,                0.99155,                0.89984,                  1.109,                 1.1944,                 1.1834,                 1.1166,                0.89606,                0.82822,                0.90799,                0.73804,                0.75833,                0.50437,                 0.9251,                0.91654,                0.62715,                0.94587,               0.005347,               0.005347,               0.005347
                    238,                0.99404,                0.89937,                 1.1074,                 1.1984,                 1.1795,                 1.1174,                0.90151,                0.82423,                 0.9082,                0.73812,                0.75796,                 0.5038,                0.92487,                0.91581,                0.62761,                0.94548,              0.0053272,              0.0053272,              0.0053272
                    239,                0.98086,                0.89275,                 1.1001,                 1.1966,                 1.1701,                 1.1104,                0.89573,                0.82718,                0.90809,                0.73853,                0.75751,                0.50329,                0.92466,                 0.9156,                0.62629,                0.94551,              0.0053074,              0.0053074,              0.0053074
                    240,                0.98463,                0.89326,                 1.1023,                 1.1866,                 1.1655,                 1.1099,                0.89856,                0.82765,                 0.9082,                0.73838,                0.75699,                0.50285,                0.92437,                0.91551,                0.62469,                0.94541,              0.0052876,              0.0052876,              0.0052876
                    241,                0.98883,                0.90208,                 1.1078,                  1.197,                 1.1813,                 1.1159,                0.89275,                0.83313,                0.90833,                0.73901,                0.75656,                0.50252,                 0.9241,                0.91479,                0.62499,                0.94499,              0.0052678,              0.0052678,              0.0052678
                    242,                0.98519,                 0.8901,                 1.1036,                 1.1983,                 1.1714,                 1.1152,                0.89371,                 0.8329,                0.90866,                0.73952,                0.75608,                0.50199,                0.92381,                0.91455,                0.62356,                0.94501,               0.005248,               0.005248,               0.005248
                    243,                0.97684,                0.88894,                 1.0986,                 1.1805,                 1.1568,                 1.1118,                0.89745,                0.82934,                0.90899,                0.73989,                0.75557,                0.50152,                0.92347,                0.91415,                0.62281,                0.94463,              0.0052282,              0.0052282,              0.0052282
                    244,                0.98682,                0.88917,                 1.1031,                 1.1945,                 1.1677,                 1.1156,                0.89931,                0.82894,                0.90945,                0.74018,                0.75515,                0.50104,                0.92321,                0.91393,                0.62165,                 0.9444,              0.0052084,              0.0052084,              0.0052084
                    245,                0.98285,                0.89537,                 1.1009,                 1.1936,                 1.1716,                 1.1121,                0.89311,                 0.8335,                0.90985,                0.74038,                0.75473,                0.50064,                0.92297,                0.91373,                 0.6212,                0.94432,              0.0051886,              0.0051886,              0.0051886
                    246,                 0.9866,                0.88446,                 1.1016,                 1.1988,                 1.1571,                 1.1128,                0.89154,                0.83415,                 0.9099,                0.74091,                0.75433,                0.50023,                0.92272,                0.91333,                0.62133,                0.94433,              0.0051688,              0.0051688,              0.0051688
                    247,                0.97303,                0.87465,                 1.0939,                 1.1872,                 1.1427,                 1.1066,                0.89097,                0.83648,                0.91004,                 0.7411,                0.75388,                0.49972,                0.92245,                0.91267,                0.62101,                0.94391,               0.005149,               0.005149,               0.005149
                    248,                0.98278,                0.88195,                 1.1014,                 1.1905,                 1.1568,                 1.1132,                0.89179,                0.83687,                0.91031,                0.74155,                0.75345,                 0.4992,                 0.9222,                0.91214,                 0.6197,                0.94364,              0.0051292,              0.0051292,              0.0051292
                    249,                0.98815,                0.89208,                 1.1025,                 1.1943,                 1.1807,                 1.1109,                0.89466,                0.83499,                0.91033,                0.74192,                 0.7532,                 0.4989,                0.92205,                0.91211,                0.61846,                0.94334,              0.0051094,              0.0051094,              0.0051094
                    250,                0.97743,                0.88771,                  1.101,                  1.181,                 1.1625,                 1.1095,                0.89836,                 0.8325,                0.91062,                0.74209,                0.75269,                0.49844,                0.92179,                0.91137,                0.61821,                0.94307,              0.0050896,              0.0050896,              0.0050896
                    251,                0.97897,                0.88148,                 1.1008,                  1.185,                 1.1522,                  1.113,                0.90158,                0.83091,                 0.9111,                0.74235,                0.75226,                0.49803,                0.92157,                0.91054,                 0.6171,                0.94235,              0.0050698,              0.0050698,              0.0050698
                    252,                0.97355,                0.87837,                 1.0951,                 1.1754,                 1.1554,                 1.1042,                0.90113,                0.83104,                0.91131,                0.74267,                0.75193,                0.49759,                0.92138,                0.91003,                0.61654,                0.94209,                0.00505,                0.00505,                0.00505
                    253,                0.97026,                0.86826,                 1.0969,                 1.1772,                 1.1322,                 1.1075,                 0.9048,                0.82918,                 0.9115,                0.74293,                0.75139,                0.49711,                0.92112,                0.90909,                0.61643,                0.94184,              0.0050302,              0.0050302,              0.0050302
                    254,                0.97501,                0.87047,                  1.095,                 1.1878,                 1.1486,                 1.1045,                0.90521,                0.82853,                0.91162,                0.74319,                0.75093,                0.49671,                0.92081,                0.90915,                0.61657,                0.94231,              0.0050104,              0.0050104,              0.0050104
                    255,                0.98036,                0.86931,                 1.0971,                 1.1838,                 1.1375,                 1.1059,                0.90792,                0.82348,                0.91165,                0.74349,                0.75034,                0.49635,                0.92057,                0.90862,                0.61561,                0.94206,              0.0049906,              0.0049906,              0.0049906
                    256,                0.96905,                0.87064,                  1.097,                 1.1747,                 1.1491,                 1.1072,                0.91014,                0.82264,                0.91184,                0.74364,                0.74989,                0.49579,                 0.9204,                0.90834,                0.61482,                0.94198,              0.0049708,              0.0049708,              0.0049708
                    257,                0.97408,                0.86823,                 1.0942,                 1.1729,                 1.1367,                 1.1036,                0.90935,                0.82347,                0.91178,                0.74373,                0.74939,                0.49537,                0.92014,                0.90786,                0.61481,                 0.9416,               0.004951,               0.004951,               0.004951
                    258,                0.97042,                0.86983,                 1.0935,                 1.1837,                 1.1466,                 1.1038,                0.90951,                0.82452,                0.91186,                0.74384,                0.74901,                0.49494,                0.91991,                0.90733,                0.61432,                0.94097,              0.0049312,              0.0049312,              0.0049312
                    259,                0.96396,                0.86582,                  1.094,                 1.1644,                 1.1372,                  1.104,                0.90417,                0.83025,                0.91207,                0.74421,                0.74856,                0.49455,                0.91961,                0.90653,                0.61427,                 0.9405,              0.0049114,              0.0049114,              0.0049114
                    260,                 0.9602,                0.87873,                 1.0955,                 1.1659,                 1.1455,                 1.1059,                0.90836,                 0.8256,                0.91235,                0.74445,                 0.7482,                0.49404,                0.91938,                0.90596,                0.61405,                0.94017,              0.0048916,              0.0048916,              0.0048916
                    261,                0.97479,                  0.875,                 1.0942,                 1.1864,                 1.1491,                  1.107,                0.89967,                0.83555,                 0.9125,                0.74474,                0.74778,                0.49353,                0.91918,                0.90513,                0.61374,                0.93993,              0.0048718,              0.0048718,              0.0048718
                    262,                0.96657,                0.85801,                 1.0933,                  1.173,                 1.1179,                 1.1014,                0.89321,                0.83872,                0.91258,                0.74486,                0.74735,                0.49308,                0.91896,                0.90453,                0.61284,                 0.9397,               0.004852,               0.004852,               0.004852
                    263,                0.96935,                0.87319,                 1.0954,                 1.1827,                 1.1403,                 1.1083,                0.89002,                0.84147,                0.91266,                0.74514,                0.74691,                0.49258,                0.91872,                0.90415,                0.61144,                 0.9393,              0.0048322,              0.0048322,              0.0048322
                    264,                0.97546,                0.86824,                 1.0956,                 1.1888,                 1.1337,                 1.1074,                0.88909,                0.84295,                0.91295,                0.74542,                0.74645,                0.49214,                0.91846,                0.90369,                0.61054,                0.93895,              0.0048124,              0.0048124,              0.0048124
                    265,                0.96309,                0.85746,                 1.0923,                 1.1711,                 1.1231,                 1.1028,                0.88957,                 0.8423,                0.91301,                0.74557,                0.74607,                0.49175,                0.91827,                0.90354,                0.60997,                0.93881,              0.0047926,              0.0047926,              0.0047926
                    266,                0.97753,                0.86125,                 1.0912,                 1.1911,                 1.1321,                 1.1046,                0.90419,                0.83018,                0.91318,                0.74578,                0.74574,                0.49142,                0.91805,                0.90326,                0.60878,                0.93862,              0.0047728,              0.0047728,              0.0047728
                    267,                0.96303,                0.85954,                 1.0908,                 1.1747,                 1.1264,                  1.104,                 0.8899,                0.84251,                0.91335,                0.74624,                0.74524,                0.49092,                0.91774,                0.90302,                0.60727,                0.93835,               0.004753,               0.004753,               0.004753
                    268,                0.96362,                0.84675,                  1.089,                 1.1733,                 1.1159,                 1.0998,                0.90924,                0.82777,                0.91338,                0.74642,                0.74495,                0.49067,                0.91759,                0.90244,                0.60728,                0.93804,              0.0047332,              0.0047332,              0.0047332
                    269,                0.96732,                0.86514,                 1.0915,                 1.1821,                  1.154,                 1.1015,                0.90976,                0.82574,                0.91344,                0.74656,                0.74468,                 0.4903,                0.91739,                0.90194,                0.60678,                0.93769,              0.0047134,              0.0047134,              0.0047134
                    270,                0.96659,                0.85452,                 1.0901,                  1.178,                 1.1202,                 1.0994,                0.91057,                0.82518,                0.91366,                 0.7468,                0.74437,                   0.49,                0.91719,                0.90187,                0.60582,                0.93782,              0.0046936,              0.0046936,              0.0046936
                    271,                0.96376,                 0.8576,                 1.0899,                 1.1771,                 1.1328,                 1.1033,                0.90954,                0.82732,                0.91393,                0.74722,                0.74394,                0.48958,                0.91698,                0.90157,                0.60467,                0.93728,              0.0046738,              0.0046738,              0.0046738
                    272,                0.96968,                0.85627,                 1.0953,                 1.1802,                 1.1245,                 1.1059,                0.90801,                0.82923,                0.91402,                0.74751,                0.74355,                0.48926,                0.91676,                0.90105,                0.60427,                0.93715,               0.004654,               0.004654,               0.004654
                    273,                0.96574,                0.85576,                 1.0917,                 1.1759,                 1.1211,                 1.1037,                0.90441,                0.83368,                0.91413,                0.74766,                0.74319,                0.48891,                0.91658,                0.90055,                0.60395,                 0.9368,              0.0046342,              0.0046342,              0.0046342
                    274,                0.95194,                0.85524,                 1.0883,                 1.1563,                 1.1261,                 1.1005,                0.90777,                0.83108,                0.91436,                0.74792,                0.74281,                 0.4886,                0.91636,                0.90011,                0.60401,                0.93644,              0.0046144,              0.0046144,              0.0046144
                    275,                0.96056,                0.86169,                 1.0915,                 1.1724,                 1.1348,                 1.1026,                0.90527,                 0.8341,                0.91472,                0.74804,                0.74241,                0.48818,                0.91614,                0.89961,                0.60296,                0.93622,              0.0045946,              0.0045946,              0.0045946
                    276,                0.96245,                0.85616,                 1.0927,                 1.1689,                 1.1185,                 1.1029,                0.90821,                0.83055,                  0.915,                0.74822,                0.74204,                0.48785,                 0.9159,                0.89931,                0.60207,                0.93623,              0.0045748,              0.0045748,              0.0045748
                    277,                 0.9573,                0.85513,                  1.087,                 1.1759,                 1.1243,                 1.0998,                0.90842,                0.82892,                  0.915,                0.74845,                0.74163,                 0.4875,                0.91566,                0.89846,                0.60227,                0.93569,               0.004555,               0.004555,               0.004555
                    278,                 0.9628,                0.84656,                 1.0889,                 1.1639,                 1.1063,                    1.1,                0.90864,                0.82903,                0.91503,                0.74858,                0.74128,                0.48718,                0.91547,                0.89801,                0.60193,                0.93535,              0.0045352,              0.0045352,              0.0045352
                    279,                 0.9499,                0.83825,                 1.0832,                  1.158,                 1.1095,                 1.0943,                0.90905,                0.82936,                0.91518,                0.74855,                0.74093,                0.48684,                0.91525,                0.89749,                0.60177,                0.93514,              0.0045154,              0.0045154,              0.0045154
                    280,                0.96418,                0.83737,                 1.0866,                 1.1823,                  1.096,                 1.0977,                0.90904,                0.82909,                 0.9152,                0.74869,                 0.7405,                0.48642,                  0.915,                0.89712,                0.60082,                0.93487,              0.0044956,              0.0044956,              0.0044956
                    281,                0.95252,                0.84158,                 1.0837,                 1.1643,                 1.1083,                 1.0936,                0.90584,                0.83127,                0.91532,                0.74876,                0.74015,                0.48601,                0.91482,                0.89656,                0.60104,                 0.9346,              0.0044758,              0.0044758,              0.0044758
                    282,                0.96183,                0.84523,                 1.0892,                 1.1721,                 1.1171,                 1.1004,                0.90851,                0.82963,                0.91553,                0.74902,                0.73979,                0.48581,                0.91465,                0.89582,                0.60082,                0.93445,               0.004456,               0.004456,               0.004456
                    283,                0.94907,                0.84337,                 1.0827,                 1.1502,                 1.1147,                 1.0935,                0.91186,                0.82808,                0.91558,                0.74929,                0.73942,                0.48545,                0.91442,                0.89537,                0.60067,                0.93422,              0.0044362,              0.0044362,              0.0044362
                    284,                0.95891,                0.84251,                 1.0852,                 1.1649,                 1.1089,                 1.0952,                0.90675,                0.83146,                0.91581,                0.74959,                 0.7391,                0.48513,                0.91424,                0.89494,                0.60046,                 0.9341,              0.0044164,              0.0044164,              0.0044164
                    285,                0.95608,                0.83897,                 1.0882,                  1.158,                 1.1091,                 1.0971,                0.90533,                0.83202,                0.91595,                 0.7499,                0.73876,                0.48479,                0.91403,                0.89445,                0.60003,                 0.9337,              0.0043966,              0.0043966,              0.0043966
                    286,                0.95462,                0.84558,                 1.0864,                 1.1602,                 1.1115,                 1.0986,                  0.901,                0.83486,                0.91617,                0.75029,                0.73838,                0.48448,                0.91383,                0.89377,                0.59944,                0.93341,              0.0043768,              0.0043768,              0.0043768
                    287,                0.94934,                0.83755,                 1.0826,                 1.1575,                 1.0988,                 1.0942,                0.89952,                0.83547,                0.91625,                0.75068,                0.73803,                0.48411,                0.91358,                0.89328,                0.59908,                 0.9332,               0.004357,               0.004357,               0.004357
                    288,                0.94898,                0.83082,                 1.0854,                 1.1546,                 1.0924,                 1.0966,                0.89527,                0.83865,                0.91645,                0.75105,                0.73773,                0.48368,                0.91341,                0.89298,                0.59835,                0.93341,              0.0043372,              0.0043372,              0.0043372
                    289,                0.94563,                0.83307,                   1.08,                  1.154,                 1.0931,                 1.0907,                0.89449,                0.83847,                 0.9166,                0.75119,                0.73741,                0.48327,                0.91324,                0.89255,                0.59789,                0.93325,              0.0043174,              0.0043174,              0.0043174
                    290,                0.94964,                0.82578,                 1.0826,                  1.155,                  1.081,                 1.0926,                0.91441,                 0.8246,                0.91669,                0.75158,                0.73704,                0.48282,                0.91297,                0.89232,                0.59685,                0.93295,              0.0042976,              0.0042976,              0.0042976
                    291,                0.94979,                0.83072,                 1.0866,                 1.1551,                 1.0942,                 1.0985,                0.91538,                0.82522,                 0.9168,                0.75177,                0.73661,                0.48239,                 0.9127,                0.89209,                0.59664,                0.93279,              0.0042778,              0.0042778,              0.0042778
                    292,                0.94562,                0.83416,                 1.0838,                 1.1405,                 1.0902,                 1.0919,                0.91261,                0.82732,                0.91695,                0.75209,                0.73625,                0.48206,                 0.9125,                0.89168,                0.59612,                0.93255,               0.004258,               0.004258,               0.004258
                    293,                0.94674,                0.83425,                 1.0832,                 1.1528,                 1.0943,                 1.0955,                0.91319,                0.82756,                0.91726,                0.75216,                0.73586,                0.48167,                0.91223,                0.89125,                0.59573,                0.93239,              0.0042382,              0.0042382,              0.0042382
                    294,                0.94519,                0.83416,                 1.0816,                 1.1541,                 1.0978,                 1.0913,                0.91397,                0.82689,                0.91735,                0.75238,                0.73547,                0.48127,                  0.912,                0.89098,                 0.5952,                0.93236,              0.0042184,              0.0042184,              0.0042184
                    295,                0.95487,                0.83005,                 1.0867,                 1.1545,                 1.0956,                 1.0942,                0.91339,                0.82839,                0.91748,                 0.7526,                0.73506,                0.48084,                0.91172,                0.89056,                0.59482,                0.93217,              0.0041986,              0.0041986,              0.0041986
                    296,                0.94444,                0.82837,                 1.0835,                 1.1517,                 1.0866,                  1.094,                0.91398,                 0.8278,                0.91758,                0.75264,                 0.7347,                0.48044,                0.91151,                0.89034,                0.59406,                0.93186,              0.0041788,              0.0041788,              0.0041788
                    297,                 0.9487,                0.83411,                 1.0839,                 1.1622,                 1.1014,                 1.0945,                0.91183,                0.83015,                0.91779,                0.75294,                 0.7344,                   0.48,                0.91131,                0.89005,                0.59345,                 0.9317,               0.004159,               0.004159,               0.004159
                    298,                0.94747,                0.82553,                 1.0793,                 1.1625,                  1.093,                 1.0917,                0.91133,                0.83102,                0.91788,                0.75296,                0.73412,                0.47959,                0.91113,                0.89009,                0.59314,                0.93181,              0.0041392,              0.0041392,              0.0041392
                    299,                 0.9477,                0.83298,                 1.0821,                 1.1558,                 1.1004,                 1.0926,                0.91252,                0.82893,                0.91805,                 0.7532,                0.73378,                0.47915,                0.91096,                0.88963,                0.59325,                0.93201,              0.0041194,              0.0041194,              0.0041194
                    300,                0.93817,                 0.8248,                 1.0801,                  1.146,                 1.0913,                 1.0928,                0.91026,                0.83011,                0.91828,                0.75346,                0.73339,                0.47871,                0.91072,                0.88913,                0.59294,                0.93182,              0.0040996,              0.0040996,              0.0040996
                    301,                0.93927,                0.82141,                 1.0828,                 1.1412,                  1.076,                 1.0965,                 0.9124,                0.82989,                0.91831,                0.75383,                0.73313,                 0.4783,                0.91054,                0.88868,                0.59224,                0.93145,              0.0040798,              0.0040798,              0.0040798
                    302,                 0.9401,                0.82918,                 1.0795,                 1.1441,                 1.0957,                 1.0917,                0.90851,                0.83148,                0.91844,                  0.754,                0.73277,                0.47787,                0.91033,                0.88852,                0.59143,                0.93128,                0.00406,                0.00406,                0.00406
                    303,                 0.9375,                0.82216,                 1.0785,                 1.1424,                 1.0731,                 1.0921,                0.91247,                0.83045,                0.91859,                 0.7541,                0.73247,                0.47741,                0.91011,                0.88836,                0.59108,                0.93091,              0.0040402,              0.0040402,              0.0040402
                    304,                0.93515,                 0.8192,                 1.0764,                 1.1481,                 1.0762,                   1.09,                0.91687,                0.82833,                0.91878,                0.75478,                0.73213,                0.47687,                 0.9099,                0.88839,                0.59009,                 0.9308,              0.0040204,              0.0040204,              0.0040204
                    305,                0.93768,                0.81776,                 1.0739,                 1.1413,                  1.074,                 1.0862,                0.91248,                0.83295,                0.91893,                0.75482,                0.73173,                0.47639,                0.90959,                0.88799,                0.58967,                0.93065,              0.0040006,              0.0040006,              0.0040006
                    306,                0.93439,                0.81575,                 1.0753,                 1.1417,                 1.0714,                 1.0871,                0.92008,                0.82828,                0.91932,                0.75495,                0.73132,                0.47594,                0.90932,                0.88696,                   0.59,                   0.93,              0.0039808,              0.0039808,              0.0039808
                    307,                0.93173,                0.80626,                 1.0718,                 1.1398,                 1.0645,                 1.0827,                0.91929,                0.83098,                0.91945,                0.75528,                0.73102,                0.47555,                0.90917,                0.88659,                 0.5889,                0.92985,               0.003961,               0.003961,               0.003961
                    308,                0.93868,                0.81453,                 1.0721,                 1.1427,                 1.0789,                 1.0834,                 0.9186,                0.83091,                0.91964,                0.75564,                0.73072,                0.47507,                0.90898,                  0.886,                0.58853,                0.92958,              0.0039412,              0.0039412,              0.0039412
                    309,                0.93294,                0.81557,                 1.0751,                   1.14,                 1.0728,                 1.0881,                0.91743,                0.83119,                0.91975,                0.75582,                0.73038,                0.47463,                0.90881,                0.88544,                0.58784,                0.92943,              0.0039214,              0.0039214,              0.0039214
                    310,                0.94163,                0.81821,                 1.0775,                 1.1524,                  1.087,                 1.0883,                 0.9171,                0.83035,                0.91992,                0.75605,                0.73005,                0.47413,                0.90855,                0.88496,                0.58705,                0.92913,              0.0039016,              0.0039016,              0.0039016
                    311,                0.92898,                0.81553,                 1.0732,                 1.1312,                 1.0754,                 1.0826,                0.91863,                0.83101,                0.92022,                0.75659,                0.72974,                0.47373,                0.90838,                 0.8844,                0.58626,                0.92887,              0.0038818,              0.0038818,              0.0038818
                    312,                0.92805,                0.80967,                 1.0722,                 1.1387,                 1.0575,                 1.0843,                0.92023,                0.83044,                0.92046,                0.75702,                0.72934,                0.47338,                 0.9082,                 0.8841,                0.58549,                0.92862,               0.003862,               0.003862,               0.003862
                    313,                0.93434,                0.80514,                 1.0731,                 1.1439,                 1.0606,                 1.0839,                0.92153,                0.83002,                0.92065,                0.75726,                0.72901,                0.47297,                  0.908,                 0.8837,                0.58401,                0.92836,              0.0038422,              0.0038422,              0.0038422
                    314,                0.93766,                0.81691,                 1.0752,                 1.1463,                 1.0794,                 1.0847,                0.92495,                0.82717,                0.92089,                 0.7575,                0.72867,                0.47255,                0.90786,                0.88307,                0.58354,                0.92823,              0.0038224,              0.0038224,              0.0038224
                    315,                0.93018,                 0.8034,                 1.0716,                 1.1328,                 1.0542,                 1.0811,                0.92781,                0.82648,                0.92108,                0.75783,                0.72825,                0.47212,                0.90763,                0.88254,                0.58291,                0.92796,              0.0038026,              0.0038026,              0.0038026
                    316,                0.93726,                0.80568,                 1.0774,                  1.145,                  1.071,                 1.0884,                0.92624,                0.82856,                0.92121,                0.75812,                 0.7279,                 0.4717,                0.90744,                0.88209,                0.58268,                0.92779,              0.0037828,              0.0037828,              0.0037828
                    317,                0.92594,                0.80533,                 1.0733,                 1.1322,                 1.0669,                 1.0841,                0.92281,                 0.8304,                0.92123,                0.75834,                0.72752,                0.47126,                0.90724,                0.88171,                0.58215,                0.92756,               0.003763,               0.003763,               0.003763
                    318,                0.92667,                0.80146,                 1.0729,                 1.1348,                 1.0516,                  1.083,                0.92378,                0.83069,                0.92141,                0.75849,                0.72722,                0.47088,                0.90709,                0.88145,                0.58122,                0.92741,              0.0037432,              0.0037432,              0.0037432
                    319,                0.92443,                0.80318,                 1.0699,                 1.1324,                 1.0562,                 1.0825,                0.92207,                0.83147,                0.92143,                0.75863,                0.72681,                0.47043,                0.90682,                 0.8802,                0.58209,                0.92694,              0.0037234,              0.0037234,              0.0037234
                    320,                0.93007,                0.80341,                 1.0709,                 1.1408,                 1.0597,                 1.0815,                0.92326,                0.83139,                0.92156,                0.75891,                0.72643,                0.47002,                 0.9066,                0.87981,                0.58119,                0.92696,              0.0037036,              0.0037036,              0.0037036
                    321,                0.92917,                0.80182,                 1.0697,                 1.1405,                 1.0611,                 1.0791,                0.92392,                0.83223,                0.92177,                0.75898,                0.72611,                0.46961,                0.90643,                0.87977,                0.57982,                0.92681,              0.0036838,              0.0036838,              0.0036838
                    322,                0.93354,                0.79629,                  1.074,                 1.1318,                 1.0433,                 1.0822,                0.92635,                0.83223,                0.92197,                0.75928,                0.72575,                0.46923,                0.90627,                0.87971,                0.57852,                0.92644,               0.003664,               0.003664,               0.003664
                    323,                0.92225,                0.80187,                 1.0727,                 1.1202,                  1.057,                 1.0817,                0.92524,                0.83206,                0.92215,                0.75944,                0.72531,                0.46883,                0.90601,                0.87924,                0.57798,                0.92629,              0.0036442,              0.0036442,              0.0036442
                    324,                0.91193,                0.79255,                 1.0651,                 1.1146,                 1.0397,                 1.0782,                0.92676,                0.83287,                0.92228,                0.75957,                0.72497,                0.46843,                0.90588,                0.87929,                0.57626,                0.92597,              0.0036244,              0.0036244,              0.0036244
                    325,                0.92611,                 0.7908,                 1.0658,                  1.133,                 1.0423,                 1.0772,                0.93143,                0.83185,                0.92245,                0.76008,                0.72454,                0.46807,                0.90567,                0.87846,                0.57657,                 0.9256,              0.0036046,              0.0036046,              0.0036046
                    326,                0.92548,                0.79597,                 1.0748,                 1.1243,                 1.0448,                  1.084,                0.93056,                0.83217,                0.92265,                0.76028,                0.72411,                0.46765,                0.90542,                0.87832,                0.57572,                0.92556,              0.0035848,              0.0035848,              0.0035848
                    327,                0.91819,                0.78713,                 1.0691,                 1.1245,                  1.036,                 1.0813,                0.92896,                0.83271,                0.92275,                0.76046,                0.72371,                 0.4672,                0.90521,                0.87823,                0.57473,                0.92533,               0.003565,               0.003565,               0.003565
                    328,                0.91842,                0.79125,                  1.072,                 1.1222,                   1.05,                 1.0818,                0.92682,                0.83357,                 0.9229,                0.76058,                 0.7233,                 0.4668,                0.90501,                0.87799,                 0.5743,                0.92509,              0.0035452,              0.0035452,              0.0035452
                    329,                0.91862,                0.79597,                 1.0673,                 1.1264,                 1.0564,                 1.0768,                0.92476,                0.83479,                0.92313,                0.76064,                0.72288,                0.46639,                0.90479,                 0.8776,                0.57354,                0.92502,              0.0035254,              0.0035254,              0.0035254
                    330,                0.91741,                0.78689,                 1.0635,                 1.1252,                 1.0372,                 1.0767,                0.92334,                0.83723,                0.92345,                0.76082,                0.72246,                0.46595,                0.90458,                0.87679,                0.57391,                0.92472,              0.0035056,              0.0035056,              0.0035056
                    331,                  0.913,                 0.7837,                 1.0637,                 1.1125,                 1.0295,                 1.0736,                0.91913,                0.84015,                0.92351,                0.76096,                0.72199,                 0.4656,                0.90437,                 0.8764,                0.57346,                0.92444,              0.0034858,              0.0034858,              0.0034858
                    332,                0.92381,                0.79216,                 1.0705,                 1.1387,                 1.0472,                 1.0825,                0.91918,                0.83955,                0.92351,                0.76114,                0.72165,                0.46516,                0.90421,                0.87603,                0.57285,                0.92426,               0.003466,               0.003466,               0.003466
                    333,                0.90241,                0.78306,                 1.0635,                 1.0985,                 1.0269,                 1.0743,                0.91897,                0.83952,                0.92351,                 0.7613,                0.72137,                0.46477,                0.90404,                0.87568,                0.57222,                0.92413,              0.0034462,              0.0034462,              0.0034462
                    334,                0.91371,                0.77957,                 1.0631,                  1.121,                 1.0312,                 1.0733,                0.91401,                0.84136,                0.92353,                0.76145,                0.72094,                0.46443,                0.90382,                0.87495,                0.57209,                 0.9239,              0.0034264,              0.0034264,              0.0034264
                    335,                 0.9082,                0.77658,                 1.0591,                 1.1147,                 1.0321,                 1.0682,                0.91196,                0.84353,                0.92366,                0.76164,                0.72054,                0.46405,                0.90356,                0.87426,                0.57225,                0.92359,              0.0034066,              0.0034066,              0.0034066
                    336,                0.91502,                0.78057,                  1.067,                 1.1218,                 1.0272,                 1.0793,                0.91352,                0.84304,                0.92379,                0.76188,                0.72008,                0.46362,                0.90332,                0.87395,                0.57156,                0.92352,              0.0033868,              0.0033868,              0.0033868
                    337,                0.91402,                0.78207,                 1.0652,                 1.1183,                 1.0237,                 1.0778,                0.91375,                0.84314,                0.92371,                0.76205,                0.71969,                0.46319,                 0.9031,                 0.8736,                0.57088,                0.92331,               0.003367,               0.003367,               0.003367
                    338,                0.91045,                0.77365,                 1.0642,                 1.1151,                 1.0143,                 1.0764,                0.91446,                0.84323,                0.92387,                0.76246,                0.71931,                0.46281,                0.90286,                0.87321,                0.57022,                0.92307,              0.0033472,              0.0033472,              0.0033472
                    339,                0.90285,                0.78366,                 1.0629,                 1.1109,                 1.0254,                 1.0758,                0.91774,                0.84148,                0.92424,                0.76271,                0.71893,                0.46245,                0.90263,                0.87287,                0.56939,                0.92289,              0.0033274,              0.0033274,              0.0033274
                    340,                0.90606,                0.77346,                  1.062,                 1.1109,                 1.0211,                 1.0755,                0.92191,                0.83934,                0.92409,                0.76313,                0.71853,                0.46203,                0.90239,                0.87211,                0.56959,                0.92276,              0.0033076,              0.0033076,              0.0033076
                    341,                0.90992,                0.77706,                 1.0612,                 1.1155,                 1.0187,                 1.0743,                0.91983,                0.84067,                0.92409,                0.76332,                0.71812,                0.46163,                0.90217,                0.87132,                0.56974,                0.92241,              0.0032878,              0.0032878,              0.0032878
                    342,                0.90902,                0.77964,                 1.0608,                 1.1142,                  1.028,                 1.0728,                 0.9122,                0.84419,                0.92431,                0.76343,                0.71782,                0.46129,                0.90197,                0.87083,                0.56989,                0.92216,               0.003268,               0.003268,               0.003268
                    343,                0.89826,                0.76362,                 1.0571,                 1.1016,                  1.012,                 1.0702,                  0.913,                0.84309,                 0.9244,                0.76369,                0.71741,                0.46093,                0.90173,                0.87061,                0.56904,                0.92193,              0.0032482,              0.0032482,              0.0032482
                    344,                0.90532,                0.77714,                 1.0603,                 1.1106,                  1.024,                 1.0718,                0.91298,                0.84386,                0.92462,                0.76394,                0.71709,                0.46058,                0.90155,                0.87009,                0.56893,                0.92165,              0.0032284,              0.0032284,              0.0032284
                    345,                0.91006,                0.77565,                 1.0617,                 1.1202,                 1.0264,                 1.0716,                0.91572,                0.84174,                0.92469,                  0.764,                0.71669,                0.46025,                0.90133,                0.86977,                0.56783,                 0.9216,              0.0032086,              0.0032086,              0.0032086
                    346,                0.90611,                0.77133,                 1.0614,                 1.1066,                 1.0194,                 1.0736,                0.90893,                0.84646,                0.92468,                0.76414,                0.71646,                0.45986,                0.90122,                0.86951,                0.56729,                0.92147,              0.0031888,              0.0031888,              0.0031888
                    347,                0.91126,                0.77994,                 1.0619,                 1.1163,                 1.0283,                 1.0748,                0.91178,                0.84477,                0.92471,                0.76443,                0.71614,                0.45949,                0.90103,                0.86928,                0.56669,                0.92143,               0.003169,               0.003169,               0.003169
                    348,                0.90626,                0.77253,                 1.0607,                 1.1154,                 1.0259,                 1.0724,                0.91132,                0.84564,                0.92485,                 0.7647,                0.71578,                0.45912,                0.90081,                0.86876,                0.56628,                0.92116,              0.0031492,              0.0031492,              0.0031492
                    349,                 0.9061,                0.77207,                 1.0626,                 1.1109,                 1.0204,                 1.0747,                0.91215,                0.84572,                0.92506,                0.76492,                0.71543,                0.45875,                0.90062,                0.86843,                0.56545,                0.92075,              0.0031294,              0.0031294,              0.0031294
                    350,                0.90053,                0.76188,                 1.0566,                 1.1007,                 1.0097,                 1.0707,                0.91055,                0.84746,                0.92526,                0.76525,                0.71504,                 0.4584,                0.90039,                 0.8678,                0.56465,                0.92038,              0.0031096,              0.0031096,              0.0031096
                    351,                0.89523,                0.75842,                 1.0551,                 1.1044,                0.99813,                 1.0706,                0.91233,                0.84642,                0.92546,                0.76551,                0.71455,                0.45809,                0.90013,                0.86716,                0.56384,                0.91968,              0.0030898,              0.0030898,              0.0030898
                    352,                0.90874,                0.76318,                 1.0597,                 1.1206,                  1.008,                 1.0747,                0.91188,                0.84708,                0.92551,                0.76564,                0.71409,                0.45773,                0.89989,                0.86715,                0.56243,                0.91956,                0.00307,                0.00307,                0.00307
                    353,                0.89787,                0.76462,                 1.0585,                 1.1062,                 1.0101,                 1.0691,                 0.9116,                0.84767,                0.92556,                0.76585,                0.71369,                0.45739,                0.89968,                0.86667,                0.56194,                0.91954,              0.0030502,              0.0030502,              0.0030502
                    354,                0.90106,                0.75563,                  1.059,                 1.1087,                 0.9981,                 1.0715,                0.91373,                0.84672,                0.92575,                0.76619,                0.71329,                0.45705,                0.89947,                0.86645,                0.56082,                0.91927,              0.0030304,              0.0030304,              0.0030304
                    355,                0.89756,                0.75842,                 1.0595,                 1.1041,                  1.001,                 1.0736,                 0.9138,                0.84672,                0.92592,                0.76656,                0.71292,                0.45667,                0.89929,                0.86593,                0.56016,                0.91903,              0.0030106,              0.0030106,              0.0030106
                    356,                0.89623,                0.76078,                  1.058,                 1.1034,                 1.0079,                 1.0708,                0.91392,                0.84661,                0.92606,                0.76674,                0.71253,                 0.4563,                0.89907,                0.86567,                0.55964,                0.91889,              0.0029908,              0.0029908,              0.0029908
                    357,                0.89765,                0.75792,                 1.0582,                  1.104,                 1.0029,                 1.0696,                0.91457,                0.84531,                0.92637,                0.76694,                0.71212,                0.45589,                 0.8988,                0.86502,                0.55902,                 0.9187,               0.002971,               0.002971,               0.002971
                    358,                0.89171,                0.75213,                 1.0508,                 1.0965,                 0.9895,                 1.0633,                0.91492,                0.84495,                0.92638,                0.76716,                0.71173,                0.45552,                0.89857,                0.86471,                0.55816,                0.91842,              0.0029512,              0.0029512,              0.0029512
                    359,                0.89963,                0.76888,                 1.0617,                 1.1039,                 1.0132,                 1.0758,                0.91178,                 0.8475,                0.92643,                0.76734,                 0.7113,                0.45514,                0.89833,                0.86436,                0.55758,                0.91833,              0.0029314,              0.0029314,              0.0029314
                    360,                0.89687,                0.75793,                 1.0543,                 1.1027,                0.99981,                 1.0671,                 0.9135,                 0.8464,                0.92648,                0.76735,                0.71091,                0.45475,                0.89811,                 0.8634,                0.55768,                0.91767,              0.0029116,              0.0029116,              0.0029116
                    361,                0.89591,                0.75786,                 1.0557,                  1.097,                0.99889,                 1.0666,                0.91122,                0.84794,                0.92637,                0.76738,                0.71052,                0.45429,                 0.8979,                0.86293,                0.55715,                0.91736,              0.0028918,              0.0028918,              0.0028918
                    362,                0.89303,                0.75429,                 1.0551,                 1.0997,                0.99317,                 1.0675,                0.90415,                0.85366,                 0.9264,                0.76755,                0.71011,                0.45397,                0.89768,                0.86225,                0.55726,                0.91714,               0.002872,               0.002872,               0.002872
                    363,                0.88817,                0.75287,                  1.055,                 1.0926,                0.98764,                 1.0679,                0.90312,                0.85351,                0.92642,                0.76768,                0.70977,                0.45354,                0.89753,                0.86214,                0.55626,                0.91708,              0.0028522,              0.0028522,              0.0028522
                    364,                0.89063,                0.75723,                  1.055,                 1.0929,                0.99927,                 1.0671,                0.90948,                 0.8483,                0.92656,                 0.7679,                0.70946,                0.45314,                0.89735,                0.86159,                0.55637,                0.91679,              0.0028324,              0.0028324,              0.0028324
                    365,                0.88931,                0.75024,                 1.0535,                 1.0921,                0.99031,                 1.0676,                0.91106,                0.84808,                0.92664,                0.76795,                 0.7091,                0.45277,                0.89715,                0.86098,                0.55611,                0.91664,              0.0028126,              0.0028126,              0.0028126
                    366,                0.89599,                0.75102,                 1.0534,                 1.1122,                0.99521,                 1.0662,                0.90254,                0.85492,                 0.9267,                0.76832,                0.70871,                0.45243,                0.89694,                0.86045,                0.55555,                0.91655,              0.0027928,              0.0027928,              0.0027928
                    367,                0.88797,                0.75311,                 1.0537,                 1.0884,                 0.9922,                 1.0644,                0.90276,                0.85545,                0.92673,                 0.7687,                0.70832,                0.45207,                0.89673,                0.86004,                0.55424,                0.91616,               0.002773,               0.002773,               0.002773
                    368,                0.89242,                0.75168,                 1.0536,                 1.0974,                 1.0009,                 1.0664,                0.90277,                0.85582,                0.92682,                0.76886,                0.70803,                0.45172,                0.89656,                0.85923,                0.55415,                 0.9158,              0.0027532,              0.0027532,              0.0027532
                    369,                0.88934,                0.74384,                 1.0494,                 1.0925,                0.98032,                 1.0608,                0.90806,                0.85178,                 0.9269,                0.76909,                 0.7076,                0.45147,                 0.8963,                0.85933,                0.55294,                0.91585,              0.0027334,              0.0027334,              0.0027334
                    370,                0.88492,                0.75046,                 1.0479,                 1.0958,                0.99427,                  1.061,                0.90368,                0.85554,                0.92695,                0.76911,                0.70719,                0.45122,                0.89607,                0.85869,                 0.5528,                0.91571,              0.0027136,              0.0027136,              0.0027136
                    371,                0.89433,                0.74693,                 1.0536,                 1.0971,                0.98735,                 1.0665,                0.90488,                0.85545,                0.92703,                0.76928,                0.70677,                0.45095,                0.89583,                0.85825,                0.55229,                0.91552,              0.0026938,              0.0026938,              0.0026938
                    372,                0.87739,                0.73772,                 1.0451,                 1.0867,                0.97278,                 1.0592,                0.91132,                0.84998,                0.92714,                0.76936,                0.70645,                0.45058,                0.89564,                 0.8582,                0.55103,                0.91524,               0.002674,               0.002674,               0.002674
                    373,                0.89025,                0.74369,                 1.0516,                 1.0908,                0.98175,                 1.0644,                0.91191,                0.84966,                0.92738,                0.76965,                 0.7061,                 0.4502,                0.89548,                0.85759,                0.55005,                 0.9148,              0.0026542,              0.0026542,              0.0026542
                    374,                0.88346,                0.73471,                 1.0486,                 1.0869,                0.97039,                 1.0625,                0.91189,                0.85064,                0.92763,                0.77005,                0.70573,                 0.4499,                0.89528,                0.85699,                0.54955,                0.91445,              0.0026344,              0.0026344,              0.0026344
                    375,                0.88584,                0.74207,                 1.0492,                 1.0967,                0.98297,                 1.0625,                 0.9139,                0.85023,                0.92781,                0.77039,                0.70543,                0.44948,                0.89513,                0.85638,                0.54933,                0.91428,              0.0026146,              0.0026146,              0.0026146
                    376,                0.88165,                 0.7451,                 1.0467,                 1.0838,                0.97797,                  1.059,                0.91461,                0.85185,                0.92816,                 0.7707,                0.70497,                0.44913,                0.89488,                 0.8563,                0.54799,                 0.9142,              0.0025948,              0.0025948,              0.0025948
                    377,                0.87859,                0.74092,                 1.0464,                 1.0845,                0.97818,                 1.0606,                0.91829,                0.84882,                 0.9282,                0.77105,                0.70455,                0.44868,                0.89466,                0.85567,                0.54716,                0.91396,               0.002575,               0.002575,               0.002575
                    378,                0.88533,                0.74816,                 1.0506,                 1.0967,                0.97978,                 1.0652,                0.91945,                0.84886,                0.92837,                0.77138,                0.70415,                0.44828,                0.89446,                0.85514,                0.54668,                0.91349,              0.0025552,              0.0025552,              0.0025552
                    379,                0.88575,                0.73617,                 1.0482,                 1.0923,                0.97477,                 1.0609,                 0.9189,                0.84912,                0.92854,                0.77185,                0.70372,                0.44789,                0.89425,                0.85463,                0.54561,                0.91333,              0.0025354,              0.0025354,              0.0025354
                    380,                0.87535,                0.73542,                 1.0465,                 1.0789,                0.97734,                 1.0603,                0.91791,                0.85091,                0.92869,                0.77215,                0.70332,                0.44745,                0.89405,                0.85436,                0.54449,                0.91295,              0.0025156,              0.0025156,              0.0025156
                    381,                0.87281,                0.72855,                 1.0442,                 1.0707,                0.96628,                 1.0554,                 0.9183,                0.85104,                0.92885,                0.77246,                0.70296,                0.44708,                0.89385,                0.85377,                0.54365,                0.91275,              0.0024958,              0.0024958,              0.0024958
                    382,                0.87458,                0.72903,                 1.0466,                 1.0806,                0.96147,                 1.0593,                0.91789,                0.85235,                 0.9292,                0.77265,                0.70262,                0.44669,                0.89369,                0.85384,                0.54201,                0.91282,               0.002476,               0.002476,               0.002476
                    383,                 0.8669,                0.72501,                 1.0425,                  1.072,                0.96042,                 1.0541,                0.91627,                0.85435,                0.92928,                0.77283,                 0.7022,                0.44628,                0.89347,                0.85363,                0.54145,                0.91276,              0.0024562,              0.0024562,              0.0024562
                    384,                0.87731,                0.73345,                 1.0465,                 1.0768,                0.97128,                 1.0577,                0.91787,                 0.8518,                0.92948,                0.77311,                0.70181,                0.44589,                0.89328,                0.85305,                0.54074,                0.91259,              0.0024364,              0.0024364,              0.0024364
                    385,                0.87244,                0.73005,                 1.0459,                 1.0839,                0.96531,                 1.0603,                 0.9184,                0.85179,                0.92953,                0.77329,                0.70143,                0.44555,                 0.8931,                0.85278,                0.54032,                0.91227,              0.0024166,              0.0024166,              0.0024166
                    386,                0.87609,                0.72781,                 1.0448,                 1.0812,                 0.9701,                 1.0568,                0.91816,                0.85445,                 0.9296,                 0.7734,                0.70102,                0.44515,                0.89289,                0.85208,                0.53942,                0.91185,              0.0023968,              0.0023968,              0.0023968
                    387,                0.87529,                0.73827,                 1.0473,                  1.086,                 0.9859,                 1.0612,                0.91836,                0.85274,                0.92967,                0.77377,                0.70056,                0.44469,                0.89267,                0.85188,                0.53847,                0.91169,               0.002377,               0.002377,               0.002377
                    388,                0.87441,                0.73513,                 1.0464,                 1.0757,                0.97055,                 1.0586,                0.91851,                0.85172,                0.92966,                0.77386,                0.70016,                0.44429,                0.89247,                0.85112,                0.53816,                0.91146,              0.0023572,              0.0023572,              0.0023572
                    389,                0.87008,                0.72405,                 1.0428,                 1.0689,                0.95444,                 1.0536,                0.91658,                0.85248,                 0.9297,                 0.7739,                0.69974,                0.44396,                0.89228,                0.85058,                0.53776,                 0.9113,              0.0023374,              0.0023374,              0.0023374
                    390,                0.87611,                0.73355,                 1.0457,                 1.0813,                0.96703,                 1.0575,                0.91678,                0.85201,                0.92973,                0.77433,                0.69932,                0.44358,                0.89207,                0.84995,                0.53732,                0.91094,              0.0023176,              0.0023176,              0.0023176
                    391,                0.87527,                0.72393,                  1.047,                 1.0911,                0.96879,                 1.0574,                 0.9164,                0.85218,                0.92977,                0.77442,                0.69891,                0.44317,                0.89186,                0.84949,                0.53707,                0.91086,              0.0022978,              0.0022978,              0.0022978
                    392,                0.87667,                0.73116,                 1.0466,                  1.076,                 0.9646,                 1.0602,                0.91503,                0.85409,                 0.9297,                0.77445,                0.69854,                0.44275,                0.89167,                0.84919,                0.53649,                0.91075,               0.002278,               0.002278,               0.002278
                    393,                0.86912,                0.72107,                   1.04,                 1.0758,                0.95115,                 1.0541,                0.91572,                 0.8536,                0.92967,                0.77462,                0.69805,                0.44231,                0.89137,                0.84901,                0.53601,                0.91065,              0.0022582,              0.0022582,              0.0022582
                    394,                0.87307,                 0.7249,                 1.0439,                 1.0778,                 0.9516,                 1.0578,                0.91517,                0.85462,                0.92988,                0.77471,                0.69765,                0.44189,                0.89114,                0.84827,                0.53608,                0.91035,              0.0022384,              0.0022384,              0.0022384
                    395,                0.86326,                0.71705,                  1.039,                  1.079,                0.95662,                 1.0538,                0.91462,                0.85482,                0.92993,                0.77495,                0.69718,                0.44148,                0.89091,                0.84787,                0.53594,                0.91019,              0.0022186,              0.0022186,              0.0022186
                    396,                0.87577,                0.71953,                 1.0435,                  1.083,                0.94938,                 1.0576,                0.91428,                0.85592,                0.93018,                0.77532,                0.69673,                  0.441,                0.89067,                0.84739,                0.53508,                0.90999,              0.0021988,              0.0021988,              0.0021988
                    397,                0.86327,                0.72461,                 1.0394,                 1.0672,                0.96583,                 1.0537,                0.91598,                0.85472,                0.93038,                0.77576,                0.69631,                0.44051,                0.89046,                 0.8468,                0.53455,                0.90969,               0.002179,               0.002179,               0.002179
                    398,                 0.8675,                0.72084,                 1.0428,                 1.0699,                0.95513,                 1.0564,                0.91711,                0.85408,                0.93056,                0.77591,                 0.6959,                0.44018,                0.89024,                 0.8463,                0.53403,                0.90955,              0.0021592,              0.0021592,              0.0021592
                    399,                 0.8609,                0.71861,                  1.041,                 1.0618,                0.94655,                 1.0563,                0.91456,                0.85612,                0.93079,                0.77622,                0.69548,                0.43978,                0.89005,                0.84589,                0.53326,                0.90943,              0.0021394,              0.0021394,              0.0021394
                    400,                0.86167,                0.71344,                 1.0418,                 1.0585,                0.93776,                 1.0572,                0.91378,                 0.8565,                0.93099,                0.77655,                0.69506,                0.43941,                0.88982,                0.84545,                0.53171,                0.90914,              0.0021196,              0.0021196,              0.0021196
                    401,                0.86064,                0.71131,                 1.0446,                 1.0645,                0.94478,                 1.0613,                 0.9178,                0.85302,                0.93119,                0.77682,                0.69468,                0.43903,                 0.8896,                 0.8449,                0.53146,                0.90882,              0.0020998,              0.0020998,              0.0020998
                    402,                0.86829,                0.71902,                 1.0422,                 1.0674,                0.95164,                  1.055,                 0.9198,                0.85269,                0.93125,                0.77695,                0.69426,                0.43861,                0.88937,                0.84432,                0.53091,                0.90856,                0.00208,                0.00208,                0.00208
                    403,                0.86451,                0.71517,                 1.0395,                 1.0668,                0.94696,                 1.0545,                0.91898,                0.85279,                0.93137,                0.77721,                0.69383,                0.43826,                0.88916,                0.84375,                0.53028,                0.90829,              0.0020602,              0.0020602,              0.0020602
                    404,                0.86164,                0.72182,                 1.0404,                 1.0669,                0.95297,                 1.0547,                 0.9188,                0.85271,                0.93153,                0.77747,                0.69345,                0.43787,                0.88895,                 0.8433,                 0.5295,                0.90809,              0.0020404,              0.0020404,              0.0020404
                    405,                0.85407,                0.70851,                 1.0375,                 1.0598,                0.92864,                 1.0503,                0.91935,                0.85327,                 0.9317,                0.77757,                0.69308,                0.43746,                0.88874,                0.84294,                0.52889,                0.90787,              0.0020206,              0.0020206,              0.0020206
                    406,                0.86223,                0.71281,                 1.0362,                 1.0646,                0.94567,                 1.0491,                0.91914,                0.85419,                0.93178,                0.77791,                0.69269,                0.43712,                0.88852,                0.84224,                0.52868,                0.90767,              0.0020008,              0.0020008,              0.0020008
                    407,                0.85288,                0.70441,                 1.0369,                 1.0542,                0.92637,                 1.0511,                 0.9196,                0.85373,                0.93193,                0.77814,                 0.6923,                0.43673,                0.88829,                0.84184,                0.52804,                0.90756,               0.001981,               0.001981,               0.001981
                    408,                0.86282,                0.71085,                 1.0375,                 1.0626,                0.93616,                 1.0503,                0.92064,                0.85311,                0.93198,                0.77825,                0.69189,                0.43627,                0.88807,                0.84142,                0.52758,                0.90729,              0.0019612,              0.0019612,              0.0019612
                    409,                0.86263,                 0.7095,                 1.0363,                 1.0698,                0.93811,                 1.0487,                 0.9218,                0.85229,                0.93205,                0.77849,                0.69151,                0.43587,                0.88786,                0.84079,                0.52783,                 0.9073,              0.0019414,              0.0019414,              0.0019414
                    410,                0.84977,                0.70492,                 1.0367,                 1.0466,                0.93097,                 1.0494,                0.92076,                0.85372,                0.93217,                0.77884,                 0.6911,                0.43553,                0.88766,                0.84053,                0.52764,                0.90736,              0.0019216,              0.0019216,              0.0019216
                    411,                0.86019,                0.71218,                 1.0446,                 1.0614,                0.94406,                 1.0562,                0.92068,                0.85288,                0.93225,                0.77909,                0.69073,                0.43516,                0.88747,                0.84003,                0.52688,                0.90717,              0.0019018,              0.0019018,              0.0019018
                    412,                0.85342,                0.70093,                 1.0325,                 1.0618,                0.92419,                 1.0486,                 0.9189,                0.85495,                 0.9324,                0.77933,                0.69024,                0.43475,                0.88721,                0.83953,                0.52629,                0.90699,               0.001882,               0.001882,               0.001882
                    413,                0.85613,                0.70641,                 1.0339,                 1.0627,                0.93211,                 1.0467,                0.91626,                0.85647,                0.93253,                0.77954,                0.68983,                0.43437,                0.88701,                0.83925,                0.52542,                0.90679,              0.0018622,              0.0018622,              0.0018622
                    414,                0.84958,                0.69654,                 1.0313,                 1.0549,                0.91973,                 1.0437,                0.91754,                0.85596,                0.93269,                0.77988,                0.68943,                0.43402,                0.88682,                0.83885,                0.52488,                0.90665,              0.0018424,              0.0018424,              0.0018424
                    415,                0.84576,                0.69865,                 1.0328,                 1.0539,                0.92112,                  1.046,                0.92204,                0.85157,                0.93279,                0.78034,                0.68909,                0.43376,                0.88666,                0.83862,                0.52454,                0.90659,              0.0018226,              0.0018226,              0.0018226
                    416,                0.84942,                0.70082,                 1.0369,                 1.0494,                0.92666,                 1.0484,                0.92281,                0.85204,                 0.9327,                0.78056,                0.68871,                 0.4334,                 0.8865,                0.83794,                0.52422,                0.90644,              0.0018028,              0.0018028,              0.0018028
                    417,                0.84828,                0.70203,                 1.0338,                 1.0549,                0.92698,                 1.0459,                0.92282,                0.85153,                0.93273,                0.78066,                0.68833,                0.43305,                0.88631,                0.83782,                0.52317,                0.90633,               0.001783,               0.001783,               0.001783
                    418,                0.85381,                0.70249,                 1.0354,                  1.059,                0.92703,                 1.0497,                0.92211,                0.85162,                0.93282,                0.78086,                0.68793,                0.43268,                0.88611,                 0.8374,                0.52251,                0.90605,              0.0017632,              0.0017632,              0.0017632
                    419,                0.83749,                0.70057,                 1.0315,                  1.034,                 0.9322,                 1.0448,                0.92152,                 0.8512,                0.93286,                0.78098,                0.68748,                0.43228,                 0.8859,                0.83716,                0.52156,                0.90591,              0.0017434,              0.0017434,              0.0017434
                    420,                0.84317,                0.69432,                 1.0337,                 1.0541,                 0.9241,                 1.0498,                0.91829,                 0.8552,                0.93294,                 0.7812,                0.68703,                 0.4319,                0.88567,                0.83653,                0.52129,                0.90566,              0.0017236,              0.0017236,              0.0017236
                    421,                0.84868,                0.69931,                 1.0328,                 1.0432,                0.91862,                 1.0465,                0.91976,                0.85359,                0.93303,                0.78145,                 0.6866,                0.43151,                0.88543,                0.83606,                0.52067,                0.90546,              0.0017038,              0.0017038,              0.0017038
                    422,                0.85317,                0.70316,                 1.0346,                 1.0541,                0.93072,                 1.0499,                0.92123,                0.85397,                0.93315,                0.78177,                 0.6862,                0.43115,                0.88522,                0.83587,                0.52024,                 0.9054,               0.001684,               0.001684,               0.001684
                    423,                0.84614,                0.69112,                 1.0309,                 1.0472,                0.90631,                 1.0449,                0.92304,                0.85345,                0.93315,                0.78196,                0.68581,                0.43073,                0.88501,                 0.8358,                0.51916,                 0.9052,              0.0016642,              0.0016642,              0.0016642
                    424,                0.85476,                0.68964,                 1.0358,                 1.0652,                0.91672,                 1.0508,                 0.9258,                0.85185,                0.93329,                0.78218,                0.68542,                0.43041,                 0.8848,                0.83539,                0.51862,                0.90502,              0.0016444,              0.0016444,              0.0016444
                    425,                0.84117,                0.68774,                  1.031,                 1.0391,                0.91062,                 1.0431,                0.92449,                0.85245,                0.93341,                0.78243,                0.68504,                0.43006,                0.88461,                0.83476,                0.51861,                0.90463,              0.0016246,              0.0016246,              0.0016246
                    426,                0.83955,                0.68235,                  1.029,                 1.0395,                0.89681,                 1.0419,                0.92237,                0.85283,                0.93351,                0.78261,                 0.6846,                0.42973,                0.88439,                0.83435,                0.51815,                0.90463,              0.0016048,              0.0016048,              0.0016048
                    427,                0.83898,                 0.6842,                 1.0268,                 1.0399,                 0.9122,                 1.0415,                0.92313,                0.85387,                0.93366,                0.78281,                0.68418,                0.42935,                0.88415,                0.83353,                  0.518,                0.90426,               0.001585,               0.001585,               0.001585
                    428,                0.84241,                0.68949,                 1.0317,                 1.0522,                0.92127,                 1.0469,                0.92141,                0.85456,                0.93379,                  0.783,                0.68375,                0.42895,                0.88393,                0.83313,                0.51745,                0.90392,              0.0015652,              0.0015652,              0.0015652
                    429,                0.83015,                0.67905,                  1.026,                 1.0257,                0.89625,                 1.0413,                 0.9218,                0.85427,                 0.9339,                0.78321,                0.68335,                0.42855,                0.88371,                0.83318,                0.51618,                0.90394,              0.0015454,              0.0015454,              0.0015454
                    430,                0.83071,                0.67175,                 1.0234,                 1.0361,                  0.893,                 1.0387,                 0.9229,                0.85418,                  0.934,                0.78346,                0.68296,                0.42815,                0.88351,                0.83305,                0.51482,                0.90378,              0.0015256,              0.0015256,              0.0015256
                    431,                0.84637,                0.68977,                 1.0291,                 1.0615,                0.92169,                 1.0443,                0.92298,                 0.8557,                0.93404,                0.78355,                 0.6825,                0.42777,                 0.8833,                 0.8325,                0.51429,                0.90354,              0.0015058,              0.0015058,              0.0015058
                    432,                0.83498,                0.68998,                 1.0277,                 1.0341,                 0.9151,                 1.0409,                 0.9234,                0.85595,                0.93419,                0.78367,                0.68204,                 0.4274,                0.88306,                0.83201,                0.51381,                0.90327,               0.001486,               0.001486,               0.001486
                    433,                0.83814,                0.68283,                 1.0289,                  1.043,                0.90347,                 1.0443,                0.92347,                0.85648,                0.93433,                0.78381,                0.68162,                0.42704,                0.88283,                0.83157,                0.51294,                 0.9029,              0.0014662,              0.0014662,              0.0014662
                    434,                0.83211,                0.67692,                 1.0253,                 1.0301,                 0.8865,                 1.0404,                 0.9262,                0.85486,                0.93441,                0.78394,                0.68126,                 0.4266,                0.88259,                0.83094,                0.51238,                 0.9027,              0.0014464,              0.0014464,              0.0014464
                    435,                 0.8365,                0.68116,                 1.0324,                 1.0387,                0.90854,                 1.0453,                 0.9257,                0.85531,                0.93445,                 0.7841,                0.68086,                0.42624,                0.88238,                0.83055,                0.51172,                0.90248,              0.0014266,              0.0014266,              0.0014266
                    436,                 0.8379,                0.68183,                 1.0251,                   1.04,                0.90334,                 1.0372,                0.92684,                0.85497,                0.93462,                0.78437,                0.68041,                0.42591,                0.88215,                0.82966,                0.51133,                0.90204,              0.0014068,              0.0014068,              0.0014068
                    437,                0.83044,                0.67132,                 1.0233,                 1.0321,                0.89025,                 1.0347,                0.92663,                0.85469,                0.93473,                0.78455,                   0.68,                0.42554,                0.88194,                0.82955,                0.51026,                0.90193,               0.001387,               0.001387,               0.001387
                    438,                0.82763,                0.67267,                 1.0245,                 1.0322,                0.89146,                 1.0376,                 0.9274,                0.85516,                 0.9348,                0.78471,                0.67959,                0.42515,                0.88173,                0.82922,                0.50947,                0.90166,              0.0013672,              0.0013672,              0.0013672
                    439,                0.82703,                0.66524,                 1.0216,                 1.0247,                0.87598,                  1.036,                0.92785,                0.85489,                0.93492,                0.78502,                0.67919,                0.42475,                0.88151,                0.82837,                0.50935,                 0.9013,              0.0013474,              0.0013474,              0.0013474
                    440,                0.82636,                0.67313,                 1.0236,                 1.0237,                0.88718,                 1.0357,                0.92921,                0.85296,                  0.935,                0.78505,                0.67877,                0.42432,                 0.8813,                0.82801,                0.50844,                0.90116,              0.0013276,              0.0013276,              0.0013276
                    441,                0.83064,                0.67386,                 1.0254,                 1.0238,                 0.8965,                 1.0368,                0.92984,                0.85435,                0.93521,                0.78534,                0.67832,                0.42392,                0.88109,                0.82718,                0.50828,                0.90091,              0.0013078,              0.0013078,              0.0013078
                    442,                0.83504,                0.67407,                 1.0275,                 1.0371,                0.88704,                 1.0381,                0.93255,                0.85414,                 0.9354,                0.78549,                0.67789,                0.42353,                0.88086,                0.82695,                0.50727,                 0.9008,               0.001288,               0.001288,               0.001288
                    443,                0.83196,                0.67281,                 1.0245,                 1.0372,                0.88623,                 1.0395,                0.93168,                0.85382,                0.93554,                0.78576,                0.67744,                0.42318,                0.88066,                 0.8262,                0.50806,                0.90031,              0.0012682,              0.0012682,              0.0012682
                    444,                0.82847,                0.66908,                 1.0245,                 1.0285,                0.88461,                 1.0373,                0.93089,                0.85497,                 0.9357,                0.78585,                0.67704,                0.42283,                0.88046,                0.82577,                0.50719,                0.90024,              0.0012484,              0.0012484,              0.0012484
                    445,                0.82679,                0.66364,                 1.0229,                 1.0303,                0.87803,                 1.0379,                0.93012,                0.85586,                0.93601,                0.78635,                0.67659,                0.42244,                0.88027,                0.82524,                0.50656,                0.90005,              0.0012286,              0.0012286,              0.0012286
                    446,                0.82269,                0.67008,                  1.022,                 1.0275,                0.89452,                  1.035,                0.92784,                0.85755,                0.93612,                0.78651,                0.67611,                0.42208,                0.88001,                0.82542,                0.50462,                0.89994,              0.0012088,              0.0012088,              0.0012088
                    447,                0.82562,                0.66653,                  1.027,                 1.0258,                0.88318,                 1.0395,                0.92756,                0.85695,                0.93633,                 0.7868,                0.67562,                0.42166,                0.87976,                0.82501,                0.50405,                0.89973,               0.001189,               0.001189,               0.001189
                    448,                0.82492,                0.66692,                 1.0214,                 1.0298,                0.88157,                 1.0367,                0.92589,                0.85759,                 0.9364,                0.78713,                0.67516,                0.42129,                0.87955,                0.82446,                0.50356,                0.89956,              0.0011692,              0.0011692,              0.0011692
                    449,                0.82247,                0.65656,                 1.0208,                 1.0243,                0.86728,                 1.0344,                0.93002,                0.85501,                0.93648,                0.78727,                0.67474,                0.42089,                0.87933,                0.82395,                0.50328,                0.89938,              0.0011494,              0.0011494,              0.0011494
                    450,                0.81955,                0.66201,                 1.0198,                  1.018,                0.87624,                 1.0335,                0.92909,                0.85529,                 0.9366,                0.78742,                0.67432,                0.42053,                0.87911,                0.82339,                  0.503,                0.89924,              0.0011296,              0.0011296,              0.0011296
                    451,                0.83193,                0.66797,                 1.0225,                 1.0357,                0.88483,                 1.0346,                0.92889,                0.85528,                0.93673,                0.78752,                0.67388,                0.42014,                0.87888,                0.82296,                 0.5024,                0.89906,              0.0011098,              0.0011098,              0.0011098
                    452,                0.82268,                0.66342,                 1.0219,                 1.0259,                0.88013,                 1.0361,                 0.9276,                0.85621,                0.93675,                 0.7876,                0.67349,                0.41975,                0.87869,                0.82261,                0.50174,                0.89883,                0.00109,                0.00109,                0.00109
                    453,                0.82109,                0.66096,                 1.0182,                 1.0282,                0.87926,                 1.0324,                 0.9268,                0.85711,                0.93692,                0.78788,                0.67308,                0.41941,                0.87847,                0.82213,                0.50121,                0.89861,              0.0010702,              0.0010702,              0.0010702
                    454,                0.81717,                0.65868,                 1.0211,                 1.0243,                0.87234,                 1.0346,                0.92631,                0.86037,                0.93711,                0.78812,                0.67268,                0.41904,                0.87828,                0.82183,                0.50025,                0.89837,              0.0010504,              0.0010504,              0.0010504
                    455,                0.81159,                 0.6605,                 1.0205,                 1.0069,                0.87422,                 1.0326,                0.92741,                0.86026,                0.93728,                0.78847,                0.67224,                0.41867,                0.87806,                0.82101,                 0.4993,                0.89805,              0.0010306,              0.0010306,              0.0010306
                    456,                0.81756,                0.66046,                 1.0189,                 1.0215,                0.87517,                 1.0312,                0.92753,                0.86017,                0.93761,                0.78876,                0.67185,                0.41828,                0.87786,                0.82063,                0.49833,                0.89795,              0.0010108,              0.0010108,              0.0010108
                    457,                0.80714,                0.65309,                 1.0185,                 1.0092,                0.85947,                  1.032,                  0.931,                0.85807,                0.93776,                0.78916,                0.67147,                0.41787,                0.87761,                 0.8201,                0.49772,                0.89775,               0.000991,               0.000991,               0.000991
                    458,                0.82192,                0.66205,                 1.0173,                 1.0194,                0.88438,                  1.029,                 0.9303,                 0.8593,                0.93793,                0.78934,                0.67101,                0.41751,                0.87734,                0.81964,                0.49681,                0.89745,              0.0009712,              0.0009712,              0.0009712
                    459,                0.80824,                0.65261,                 1.0162,                 1.0068,                 0.8733,                 1.0312,                0.93027,                0.86019,                0.93811,                 0.7897,                 0.6706,                0.41713,                0.87712,                0.81906,                 0.4964,                 0.8973,              0.0009514,              0.0009514,              0.0009514
                    460,                0.81014,                0.65356,                 1.0169,                 1.0095,                0.87181,                 1.0298,                0.93037,                0.86031,                0.93833,                0.78998,                0.67015,                 0.4168,                0.87691,                0.81862,                0.49574,                0.89715,              0.0009316,              0.0009316,              0.0009316
                    461,                0.81467,                0.65451,                 1.0212,                 1.0146,                0.87188,                 1.0318,                0.92908,                0.86215,                0.93845,                0.79022,                 0.6697,                0.41646,                0.87668,                0.81803,                0.49551,                0.89677,              0.0009118,              0.0009118,              0.0009118
                    462,                0.80667,                0.65161,                 1.0171,                 1.0027,                0.85832,                 1.0292,                0.92958,                0.86265,                0.93857,                0.79043,                0.66927,                0.41609,                0.87649,                0.81744,                0.49507,                0.89659,               0.000892,               0.000892,               0.000892
                    463,                0.81766,                0.65402,                 1.0186,                 1.0228,                0.87334,                 1.0333,                0.92965,                0.86345,                0.93872,                0.79065,                0.66883,                0.41575,                0.87628,                0.81693,                0.49462,                0.89641,              0.0008722,              0.0008722,              0.0008722
                    464,                0.80534,                0.64284,                 1.0116,                 1.0128,                0.85375,                 1.0273,                0.92886,                0.86447,                0.93888,                0.79099,                0.66836,                0.41545,                0.87604,                 0.8164,                0.49403,                0.89614,              0.0008524,              0.0008524,              0.0008524
                    465,                0.80692,                0.64852,                  1.014,                 1.0048,                0.86314,                 1.0267,                0.92982,                0.86513,                0.93909,                 0.7912,                0.66789,                0.41512,                 0.8758,                0.81596,                0.49356,                0.89584,              0.0008326,              0.0008326,              0.0008326
                    466,                0.81089,                 0.6506,                 1.0164,                  1.012,                0.86159,                 1.0275,                0.92831,                0.86602,                0.93922,                0.79144,                0.66747,                0.41477,                0.87559,                0.81545,                0.49308,                 0.8956,              0.0008128,              0.0008128,              0.0008128
                    467,                0.80677,                 0.6469,                 1.0151,                0.99893,                0.84735,                 1.0299,                0.92786,                 0.8668,                0.93939,                0.79173,                0.66708,                 0.4144,                0.87538,                 0.8153,                0.49187,                0.89552,               0.000793,               0.000793,               0.000793
                    468,                0.80993,                0.64749,                 1.0139,                 1.0131,                0.86179,                 1.0267,                 0.9277,                0.86707,                0.93949,                0.79193,                0.66667,                0.41405,                0.87517,                0.81484,                0.49119,                0.89522,              0.0007732,              0.0007732,              0.0007732
                    469,                0.79744,                0.64824,                 1.0114,                0.99476,                0.85638,                 1.0246,                0.92869,                0.86719,                0.93966,                0.79213,                0.66627,                 0.4137,                0.87497,                0.81447,                0.49058,                0.89514,              0.0007534,              0.0007534,              0.0007534
                    470,                0.81041,                0.64451,                  1.014,                 1.0093,                0.86241,                 1.0269,                0.92981,                 0.8669,                0.93982,                0.79252,                0.66583,                0.41343,                0.87475,                0.81432,                0.48996,                0.89497,              0.0007336,              0.0007336,              0.0007336
                    471,                 0.8003,                0.63931,                  1.013,                0.99768,                 0.8455,                 1.0281,                0.93042,                0.86629,                0.93995,                0.79279,                0.66537,                0.41306,                0.87455,                0.81387,                0.48933,                0.89475,              0.0007138,              0.0007138,              0.0007138
                    472,                0.80656,                0.64758,                  1.015,                 1.0043,                0.85734,                 1.0273,                 0.9302,                0.86667,                0.94012,                0.79287,                0.66494,                0.41273,                0.87436,                0.81336,                0.48879,                0.89452,               0.000694,               0.000694,               0.000694
                    473,                0.80431,                0.63983,                  1.014,                 1.0016,                 0.8503,                 1.0254,                0.93288,                0.86302,                0.94024,                0.79303,                0.66454,                0.41239,                0.87418,                0.81286,                0.48832,                0.89434,              0.0006742,              0.0006742,              0.0006742
                    474,                0.80044,                0.63837,                 1.0118,                 0.9996,                0.85014,                 1.0256,                0.93234,                0.86395,                0.94036,                 0.7933,                0.66412,                0.41205,                  0.874,                0.81237,                0.48784,                0.89418,              0.0006544,              0.0006544,              0.0006544
                    475,                0.79975,                0.63933,                 1.0126,                0.99802,                0.85226,                 1.0238,                0.93418,                 0.8624,                0.94046,                0.79349,                0.66372,                0.41169,                0.87382,                0.81189,                 0.4874,                0.89391,              0.0006346,              0.0006346,              0.0006346
                    476,                 0.8025,                0.63624,                 1.0129,                 1.0025,                 0.8393,                 1.0274,                0.93309,                0.86239,                0.94055,                0.79358,                0.66334,                0.41137,                0.87367,                0.81138,                0.48709,                0.89366,              0.0006148,              0.0006148,              0.0006148
                    477,                0.79578,                0.63802,                 1.0104,                0.98895,                 0.8412,                 1.0239,                 0.9329,                0.86269,                0.94085,                 0.7937,                0.66292,                0.41103,                0.87347,                0.81098,                0.48654,                0.89345,               0.000595,               0.000595,               0.000595
                    478,                0.79881,                0.63892,                 1.0148,                 1.0008,                0.85153,                  1.028,                0.93344,                0.86271,                0.94098,                 0.7938,                0.66252,                0.41071,                0.87329,                0.81034,                0.48629,                 0.8934,              0.0005752,              0.0005752,              0.0005752
                    479,                0.79656,                0.63802,                 1.0108,                 1.0016,                0.85329,                 1.0224,                0.93213,                0.86336,                0.94114,                0.79396,                0.66212,                 0.4104,                 0.8731,                0.80998,                0.48547,                0.89323,              0.0005554,              0.0005554,              0.0005554
                    480,                0.79386,                0.63668,                 1.0117,                0.99302,                0.84672,                 1.0258,                0.93153,                0.86455,                0.94119,                0.79415,                 0.6617,                0.41011,                0.87291,                0.80949,                0.48503,                0.89302,              0.0005356,              0.0005356,              0.0005356
                    481,                0.80528,                0.64435,                 1.0149,                 1.0082,                0.85435,                 1.0278,                0.93197,                0.86499,                0.94144,                0.79446,                0.66128,                0.40981,                0.87269,                0.80901,                0.48456,                0.89274,              0.0005158,              0.0005158,              0.0005158
                    482,                0.79344,                0.62892,                   1.01,                0.99231,                0.82817,                 1.0239,                0.93216,                0.86589,                0.94161,                0.79462,                0.66089,                0.40949,                0.87248,                0.80868,                0.48376,                0.89259,               0.000496,               0.000496,               0.000496
                    483,                0.80314,                0.63956,                 1.0102,                 1.0065,                0.85057,                  1.024,                0.93444,                0.86621,                0.94179,                0.79502,                 0.6605,                 0.4092,                0.87231,                0.80824,                0.48311,                0.89243,              0.0004762,              0.0004762,              0.0004762
                    484,                0.79702,                0.63424,                 1.0124,                0.99304,                0.84226,                 1.0256,                0.93494,                0.86686,                 0.9419,                0.79509,                0.66008,                 0.4089,                0.87209,                0.80771,                0.48263,                0.89201,              0.0004564,              0.0004564,              0.0004564
                    485,                0.79686,                0.63294,                 1.0095,                0.99579,                0.83379,                 1.0222,                0.93507,                0.86701,                0.94204,                0.79525,                0.65968,                0.40855,                0.87189,                0.80742,                0.48172,                0.89191,              0.0004366,              0.0004366,              0.0004366
                    486,                0.79463,                0.62932,                 1.0082,                0.99053,                0.83355,                 1.0203,                0.93393,                0.86748,                0.94219,                0.79549,                0.65926,                0.40826,                0.87168,                0.80697,                0.48121,                0.89169,              0.0004168,              0.0004168,              0.0004168
                    487,                0.79581,                0.63164,                 1.0108,                0.99475,                0.83343,                 1.0217,                0.93461,                0.86751,                0.94234,                0.79579,                0.65887,                 0.4079,                0.87147,                0.80659,                 0.4804,                0.89139,               0.000397,               0.000397,               0.000397
                    488,                0.78971,                0.63443,                 1.0092,                0.98864,                0.83999,                 1.0223,                0.93366,                0.86796,                0.94237,                0.79611,                0.65846,                0.40755,                0.87127,                0.80614,                0.47963,                0.89124,              0.0003772,              0.0003772,              0.0003772
                    489,                0.79493,                0.62589,                 1.0076,                0.99386,                0.82954,                 1.0207,                0.93553,                0.86731,                0.94252,                0.79631,                0.65807,                0.40725,                 0.8711,                0.80567,                0.47899,                0.89105,              0.0003574,              0.0003574,              0.0003574
                    490,                 0.7838,                0.62657,                 1.0096,                0.98151,                0.83452,                 1.0234,                0.93652,                0.86748,                0.94264,                0.79662,                0.65765,                0.40697,                0.87088,                0.80514,                0.47862,                0.89083,              0.0003376,              0.0003376,              0.0003376
                    491,                0.72497,                0.51433,                0.94606,                0.90169,                0.61819,                0.96146,                0.93852,                  0.866,                0.94274,                0.79682,                0.65726,                0.40673,                0.87067,                0.80455,                0.47803,                0.89021,              0.0003178,              0.0003178,              0.0003178
                    492,                0.69241,                0.46121,                0.92871,                0.87302,                 0.5505,                0.94282,                0.93923,                0.86654,                0.94285,                0.79703,                0.65687,                0.40647,                0.87051,                0.80407,                0.47764,                0.88988,               0.000298,               0.000298,               0.000298
                    493,                0.69051,                0.45561,                0.93113,                0.86127,                0.53886,                0.94365,                0.93852,                0.86647,                0.94292,                0.79733,                0.65647,                0.40618,                0.87031,                0.80372,                0.47701,                0.88973,              0.0002782,              0.0002782,              0.0002782
                    494,                0.68446,                0.44844,                0.93074,                0.85911,                0.52889,                0.94763,                0.94141,                 0.8647,                0.94303,                0.79765,                0.65606,                0.40587,                0.87012,                0.80323,                0.47677,                0.88929,              0.0002584,              0.0002584,              0.0002584
                    495,                0.67694,                0.44344,                0.92132,                0.84932,                0.52571,                0.93595,                0.94123,                0.86529,                0.94311,                0.79775,                0.65564,                0.40554,                0.86992,                0.80285,                0.47613,                0.88915,              0.0002386,              0.0002386,              0.0002386
                    496,                0.67348,                0.43721,                0.92666,                 0.8382,                0.51108,                0.94058,                0.94382,                0.86438,                0.94319,                0.79796,                0.65517,                0.40524,                 0.8697,                0.80263,                0.47518,                0.88908,              0.0002188,              0.0002188,              0.0002188
                    497,                0.67341,                0.43333,                0.92216,                0.84038,                0.50828,                0.93775,                0.94215,                 0.8645,                 0.9434,                0.79814,                0.65472,                0.40492,                 0.8695,                0.80213,                0.47482,                  0.889,               0.000199,               0.000199,               0.000199
                    498,                0.67226,                0.43607,                0.92163,                0.83971,                0.51762,                0.93521,                0.94226,                0.86446,                0.94352,                 0.7983,                 0.6543,                0.40469,                0.86933,                0.80153,                 0.4746,                0.88873,              0.0001792,              0.0001792,              0.0001792
                    499,                0.66711,                0.43371,                0.92005,                0.83243,                0.51397,                0.93421,                0.94424,                0.86291,                 0.9436,                0.79833,                0.65384,                0.40441,                0.86913,                0.80116,                0.47387,                0.88858,              0.0001594,              0.0001594,              0.0001594
                    500,                 0.6706,                0.43487,                0.92158,                0.83766,                0.51557,                0.93687,                0.94559,                 0.8636,                0.94377,                0.79839,                0.65342,                0.40406,                0.86892,                0.80053,                0.47358,                0.88836,              0.0001396,              0.0001396,              0.0001396
