                  epoch,           train/box_om,           train/cls_om,           train/dfl_om,           train/box_oo,           train/cls_oo,           train/dfl_oo,   metrics/precision(B),      metrics/recall(B),       metrics/mAP50(B),    metrics/mAP50-95(B),             val/box_om,             val/cls_om,             val/dfl_om,             val/box_oo,             val/cls_oo,             val/dfl_oo,                 lr/pg0,                 lr/pg1,                 lr/pg2
                      1,                 1.2604,                  3.969,                 1.2453,                 1.2794,                  4.194,                 1.1639,                0.00544,                0.57852,                0.12489,                0.08989,                 1.1878,                 3.7724,                 1.1088,                 1.1706,                 4.2264,                 1.0526,                0.00329,                0.00329,                0.00329
                      2,                 1.4225,                 2.8374,                 1.3463,                 1.4159,                 3.1962,                 1.2276,                 0.4479,                0.18319,                0.16354,                 0.0933,                 1.6636,                 2.6986,                 1.5549,                 1.6487,                 3.3792,                 1.4086,              0.0066103,              0.0066103,              0.0066103
                      3,                 1.6001,                 2.5927,                 1.4952,                 1.5993,                 3.1412,                 1.3347,                0.09156,                0.06655,                0.00903,                0.00352,                 2.2647,                 19.233,                 2.4101,                 2.0419,                 12.163,                 1.9755,              0.0099173,              0.0099173,              0.0099173
                      4,                 1.7057,                 2.5872,                 1.6006,                 1.7237,                 3.2484,                 1.4209,                0.04384,                0.08729,                0.02051,                0.00764,                 2.5434,                 8.1568,                 3.1849,                  2.239,                 5.7683,                 2.3328,              0.0099406,              0.0099406,              0.0099406
                      5,                 1.6573,                 2.4442,                   1.57,                 1.7147,                 3.1118,                 1.4024,                0.10417,                0.10047,                0.04568,                0.02078,                 1.9269,                 4.3276,                 1.9591,                 1.8708,                 4.3987,                 1.6889,              0.0099406,              0.0099406,              0.0099406
                      6,                 1.6049,                  2.343,                 1.5374,                 1.6858,                 2.9608,                 1.3805,                0.17309,                0.15915,                0.09801,                0.04644,                 1.8553,                 3.1921,                 1.6836,                 1.8471,                 3.7017,                 1.5123,              0.0099208,              0.0099208,              0.0099208
                      7,                 1.5656,                 2.2567,                 1.5118,                 1.6532,                 2.8439,                 1.3696,                0.31964,                0.15085,                0.11561,                0.05836,                 1.8345,                 3.2448,                 1.6651,                 1.8462,                 3.5248,                 1.4887,               0.009901,               0.009901,               0.009901
                      8,                 1.5396,                 2.1848,                 1.4883,                 1.6428,                 2.7402,                 1.3567,                0.27308,                0.27486,                 0.1932,                0.10267,                 1.6505,                 2.4093,                 1.5613,                 1.6988,                 2.9573,                 1.4149,              0.0098812,              0.0098812,              0.0098812
                      9,                 1.5088,                 2.1192,                 1.4637,                 1.6285,                 2.6498,                 1.3432,                0.27173,                 0.2353,                0.16833,                0.08915,                 1.7197,                 2.5105,                  1.674,                  1.741,                 3.0205,                 1.4993,              0.0098614,              0.0098614,              0.0098614
                     10,                 1.4789,                 2.0807,                 1.4537,                 1.5936,                 2.5807,                 1.3353,                0.34616,                0.23445,                 0.1863,                0.10217,                 1.6401,                 2.6341,                  1.563,                 1.6955,                 3.0436,                 1.4098,              0.0098416,              0.0098416,              0.0098416
                     11,                   1.46,                 1.9976,                 1.4323,                 1.5943,                 2.4801,                 1.3289,                0.37591,                0.31477,                 0.2832,                0.16212,                 1.5209,                 2.0901,                 1.4543,                 1.5811,                 2.5404,                 1.3505,              0.0098218,              0.0098218,              0.0098218
                     12,                 1.4625,                 1.9888,                 1.4312,                 1.5936,                 2.4554,                 1.3315,                0.33709,                0.28379,                0.25227,                0.14519,                 1.5596,                 2.1376,                 1.4692,                 1.6472,                 2.5882,                 1.3579,               0.009802,               0.009802,               0.009802
                     13,                 1.4348,                 1.9458,                 1.4087,                 1.5661,                  2.399,                 1.3213,                 0.3835,                0.33078,                0.29943,                0.16306,                 1.5014,                 1.9216,                  1.441,                  1.604,                 2.3196,                 1.3653,              0.0097822,              0.0097822,              0.0097822
                     14,                 1.4202,                 1.8998,                 1.3936,                 1.5628,                 2.3276,                 1.3157,                0.39799,                0.31233,                0.28874,                0.16601,                  1.496,                 1.9811,                 1.4706,                 1.6125,                 2.3836,                 1.3858,              0.0097624,              0.0097624,              0.0097624
                     15,                 1.4068,                 1.8817,                 1.3901,                 1.5443,                 2.2965,                 1.3202,                0.44244,                0.38904,                0.37431,                 0.2261,                 1.3899,                 1.8023,                 1.3339,                 1.5119,                  2.142,                 1.2857,              0.0097426,              0.0097426,              0.0097426
                     16,                 1.3921,                 1.8558,                 1.3816,                 1.5299,                 2.2628,                 1.3108,                0.43393,                0.35119,                0.33839,                0.19838,                 1.4627,                 1.8549,                 1.4016,                  1.563,                 2.1883,                 1.3363,              0.0097228,              0.0097228,              0.0097228
                     17,                 1.3947,                 1.8476,                 1.3813,                 1.5299,                 2.2518,                 1.3134,                0.44961,                0.36164,                0.35532,                0.20991,                 1.4369,                 1.7811,                 1.3721,                 1.5755,                 2.1469,                 1.3238,               0.009703,               0.009703,               0.009703
                     18,                 1.3759,                 1.7953,                 1.3646,                 1.5299,                 2.2076,                 1.3038,                0.45501,                0.38056,                0.37214,                0.22239,                 1.4143,                 1.7875,                 1.3449,                 1.5199,                 2.1818,                 1.2963,              0.0096832,              0.0096832,              0.0096832
                     19,                 1.3711,                 1.7647,                 1.3619,                 1.5247,                 2.1753,                 1.3039,                0.45967,                0.34124,                0.34702,                0.20875,                 1.4669,                  1.842,                 1.4122,                 1.5712,                 2.2106,                 1.3449,              0.0096634,              0.0096634,              0.0096634
                     20,                 1.3622,                 1.7604,                 1.3587,                 1.5218,                 2.1552,                 1.3027,                0.48023,                0.41891,                0.41571,                0.25639,                 1.3531,                 1.6758,                 1.3313,                 1.4858,                 1.9681,                 1.2823,              0.0096436,              0.0096436,              0.0096436
                     21,                 1.3403,                  1.719,                 1.3444,                 1.5005,                 2.1063,                  1.293,                0.47011,                0.37122,                0.37676,                0.23089,                  1.379,                 1.7373,                 1.3066,                 1.5134,                 2.0504,                 1.2692,              0.0096238,              0.0096238,              0.0096238
                     22,                 1.3621,                 1.7133,                 1.3419,                  1.525,                 2.1118,                 1.2921,                0.41187,                0.29793,                0.25591,                0.15073,                 1.5338,                 2.2595,                 1.4333,                 1.6626,                 2.5985,                 1.3862,               0.009604,               0.009604,               0.009604
                     23,                  1.326,                 1.6662,                 1.3268,                 1.4936,                 2.0476,                 1.2835,                0.54971,                0.45079,                 0.4587,                0.29063,                 1.3275,                 1.4979,                 1.2902,                 1.4565,                 1.8053,                 1.2548,              0.0095842,              0.0095842,              0.0095842
                     24,                 1.3355,                 1.6804,                  1.332,                 1.5124,                 2.0599,                  1.289,                0.53026,                  0.373,                0.39066,                0.24303,                 1.3746,                 1.8034,                 1.3232,                 1.5022,                 2.1834,                 1.2933,              0.0095644,              0.0095644,              0.0095644
                     25,                 1.3256,                 1.6548,                 1.3253,                  1.491,                 2.0362,                 1.2803,                 0.5398,                0.44291,                0.45628,                0.28535,                 1.3124,                 1.5097,                 1.2727,                 1.4704,                 1.8341,                 1.2548,              0.0095446,              0.0095446,              0.0095446
                     26,                 1.3191,                 1.6315,                 1.3184,                 1.4816,                 2.0004,                 1.2785,                0.55988,                0.47587,                0.50221,                0.32138,                 1.2942,                 1.4464,                 1.2724,                 1.4131,                 1.7281,                 1.2414,              0.0095248,              0.0095248,              0.0095248
                     27,                 1.3103,                 1.6128,                 1.3108,                 1.4735,                 1.9873,                 1.2684,                 0.5389,                0.43586,                0.45469,                0.27989,                 1.3478,                 1.6099,                  1.315,                 1.4512,                 1.9281,                 1.2754,               0.009505,               0.009505,               0.009505
                     28,                 1.3061,                 1.6048,                 1.3134,                 1.4809,                 1.9759,                 1.2761,                0.56541,                0.48404,                0.50835,                 0.3259,                 1.2665,                 1.3878,                 1.2387,                 1.4127,                 1.6848,                 1.2308,              0.0094852,              0.0094852,              0.0094852
                     29,                 1.3059,                 1.6042,                 1.3139,                 1.4698,                 1.9817,                 1.2713,                0.60074,                 0.4803,                0.53011,                0.34275,                 1.2803,                 1.3729,                 1.2444,                 1.4153,                 1.6855,                 1.2254,              0.0094654,              0.0094654,              0.0094654
                     30,                 1.2937,                 1.5834,                 1.3018,                 1.4638,                 1.9503,                 1.2693,                0.54808,                0.44206,                0.46899,                0.28964,                 1.3216,                  1.483,                 1.3149,                 1.4666,                 1.7962,                  1.288,              0.0094456,              0.0094456,              0.0094456
                     31,                 1.2893,                 1.5796,                 1.2992,                 1.4606,                 1.9532,                 1.2642,                0.58379,                0.48295,                0.51806,                0.33213,                 1.2584,                  1.396,                 1.2404,                  1.414,                 1.6862,                 1.2302,              0.0094258,              0.0094258,              0.0094258
                     32,                 1.2833,                 1.5633,                 1.2989,                  1.463,                 1.9166,                 1.2641,                0.57757,                0.47706,                 0.5098,                0.33297,                 1.2707,                 1.3716,                 1.2517,                 1.4096,                 1.6948,                 1.2321,               0.009406,               0.009406,               0.009406
                     33,                 1.2853,                 1.5676,                 1.2999,                 1.4507,                 1.9299,                 1.2697,                0.55779,                0.47803,                0.50741,                0.32767,                 1.2913,                   1.42,                 1.2497,                 1.4269,                 1.7073,                 1.2331,              0.0093862,              0.0093862,              0.0093862
                     34,                 1.2862,                 1.5455,                 1.2966,                 1.4556,                 1.9204,                 1.2614,                0.58737,                0.51922,                0.54732,                0.35551,                 1.2401,                 1.3152,                  1.242,                 1.3661,                 1.6214,                 1.2099,              0.0093664,              0.0093664,              0.0093664
                     35,                 1.2709,                 1.5238,                 1.2874,                 1.4397,                 1.8953,                 1.2513,                0.62198,                0.52777,                 0.5795,                0.38317,                 1.2027,                 1.2336,                 1.1923,                 1.3607,                 1.5468,                 1.1864,              0.0093466,              0.0093466,              0.0093466
                     36,                 1.2739,                  1.526,                 1.2873,                 1.4411,                 1.8869,                 1.2565,                0.61133,                0.48784,                0.53751,                0.35675,                 1.2153,                 1.3217,                 1.2114,                 1.3542,                 1.6035,                 1.2041,              0.0093268,              0.0093268,              0.0093268
                     37,                 1.2713,                 1.4976,                 1.2868,                 1.4458,                 1.8547,                 1.2579,                0.60238,                0.50092,                0.54466,                0.36397,                 1.2374,                 1.2923,                 1.2241,                 1.3784,                 1.5982,                 1.2087,               0.009307,               0.009307,               0.009307
                     38,                 1.2594,                 1.4904,                 1.2806,                 1.4428,                 1.8446,                 1.2509,                0.63644,                0.54879,                0.59972,                0.39922,                 1.1887,                 1.2051,                 1.1945,                 1.3401,                 1.5172,                 1.1891,              0.0092872,              0.0092872,              0.0092872
                     39,                  1.259,                  1.482,                 1.2806,                 1.4393,                 1.8401,                 1.2538,                0.61364,                0.52459,                0.56907,                0.37942,                 1.2145,                 1.2811,                 1.2174,                 1.3743,                 1.5548,                  1.208,              0.0092674,              0.0092674,              0.0092674
                     40,                 1.2549,                 1.4738,                 1.2756,                 1.4335,                  1.839,                 1.2516,                0.65492,                0.53892,                0.59837,                0.39817,                 1.1954,                 1.2003,                 1.1953,                 1.3458,                 1.4736,                 1.1862,              0.0092476,              0.0092476,              0.0092476
                     41,                 1.2445,                 1.4575,                 1.2711,                 1.4288,                 1.8199,                 1.2481,                0.62934,                0.56911,                0.61043,                0.40759,                 1.1763,                 1.1773,                 1.1829,                 1.3421,                 1.4457,                 1.1755,              0.0092278,              0.0092278,              0.0092278
                     42,                  1.242,                  1.439,                 1.2633,                 1.4259,                 1.8016,                 1.2401,                0.64866,                0.54556,                0.59999,                0.40687,                 1.1641,                 1.1941,                 1.1818,                 1.3265,                 1.4587,                 1.1811,               0.009208,               0.009208,               0.009208
                     43,                 1.2479,                 1.4457,                  1.266,                  1.432,                 1.7991,                 1.2442,                0.65746,                0.52946,                0.59252,                0.39997,                 1.1783,                 1.1958,                 1.1846,                 1.3345,                 1.4796,                 1.1792,              0.0091882,              0.0091882,              0.0091882
                     44,                 1.2347,                 1.4338,                  1.261,                 1.4153,                 1.7891,                 1.2402,                0.67985,                0.52165,                0.60163,                0.40592,                 1.1848,                 1.1955,                 1.1827,                 1.3363,                 1.4723,                 1.1789,              0.0091684,              0.0091684,              0.0091684
                     45,                 1.2343,                 1.4169,                 1.2586,                   1.41,                 1.7729,                 1.2356,                0.64601,                0.54639,                0.61652,                0.41452,                 1.1779,                  1.159,                 1.1808,                 1.3345,                 1.4349,                 1.1862,              0.0091486,              0.0091486,              0.0091486
                     46,                 1.2306,                 1.4164,                 1.2578,                 1.4103,                 1.7604,                 1.2361,                0.63834,                0.55794,                0.61746,                 0.4198,                 1.1771,                 1.1646,                 1.1896,                 1.3321,                 1.4298,                 1.1869,              0.0091288,              0.0091288,              0.0091288
                     47,                 1.2412,                 1.4151,                 1.2633,                 1.4265,                 1.7673,                 1.2388,                0.65838,                0.57993,                0.64156,                0.43364,                 1.1444,                 1.1253,                 1.1608,                 1.3046,                 1.4109,                 1.1674,               0.009109,               0.009109,               0.009109
                     48,                 1.2345,                 1.4239,                 1.2606,                 1.4115,                 1.7704,                 1.2458,                0.68723,                0.58028,                0.64782,                0.44098,                 1.1461,                 1.1043,                 1.1666,                 1.2933,                 1.3819,                 1.1679,              0.0090892,              0.0090892,              0.0090892
                     49,                 1.2392,                 1.3899,                 1.2617,                 1.4299,                  1.734,                 1.2411,                0.66217,                0.56363,                0.62556,                0.43069,                 1.1464,                 1.1281,                 1.1615,                 1.3034,                 1.4098,                 1.1609,              0.0090694,              0.0090694,              0.0090694
                     50,                 1.2149,                 1.3861,                 1.2461,                 1.3984,                 1.7433,                 1.2309,                 0.7202,                0.58728,                 0.6662,                 0.4594,                 1.1331,                 1.0629,                 1.1457,                 1.2977,                 1.3192,                 1.1516,              0.0090496,              0.0090496,              0.0090496
                     51,                 1.2209,                 1.3835,                 1.2602,                 1.3925,                 1.7338,                 1.2363,                0.68181,                0.58014,                0.64511,                0.44156,                 1.1407,                 1.1146,                 1.1549,                 1.2969,                 1.3969,                 1.1554,              0.0090298,              0.0090298,              0.0090298
                     52,                  1.226,                 1.3774,                 1.2524,                 1.4034,                 1.7341,                 1.2315,                0.70466,                0.57282,                0.65066,                0.44708,                 1.1423,                 1.0767,                 1.1559,                 1.3049,                 1.3425,                 1.1609,                0.00901,                0.00901,                0.00901
                     53,                 1.2113,                 1.3648,                 1.2482,                 1.4013,                 1.7111,                 1.2331,                  0.687,                0.55816,                0.63458,                0.43647,                 1.1534,                 1.1466,                 1.1674,                 1.3083,                 1.4086,                 1.1651,              0.0089902,              0.0089902,              0.0089902
                     54,                 1.2128,                 1.3669,                 1.2512,                 1.3979,                 1.7209,                 1.2328,                0.68674,                0.57883,                 0.6537,                0.44963,                 1.1341,                 1.0945,                 1.1543,                 1.2814,                 1.3716,                 1.1558,              0.0089704,              0.0089704,              0.0089704
                     55,                 1.2127,                 1.3607,                 1.2451,                 1.4081,                  1.711,                 1.2317,                0.67546,                0.61793,                0.66601,                0.46683,                 1.1186,                 1.0514,                 1.1479,                  1.273,                 1.2935,                  1.148,              0.0089506,              0.0089506,              0.0089506
                     56,                 1.2202,                 1.3493,                 1.2397,                 1.4084,                 1.7007,                 1.2253,                0.72549,                0.58463,                0.66924,                0.46718,                 1.1167,                 1.0482,                 1.1403,                  1.284,                 1.3058,                 1.1465,              0.0089308,              0.0089308,              0.0089308
                     57,                 1.2098,                 1.3488,                 1.2431,                 1.4013,                 1.6964,                 1.2273,                0.72201,                0.60921,                0.69008,                0.48097,                  1.095,                 1.0002,                 1.1226,                 1.2472,                 1.2597,                 1.1293,               0.008911,               0.008911,               0.008911
                     58,                 1.2068,                 1.3579,                 1.2452,                 1.3917,                 1.7072,                 1.2313,                0.72737,                0.62216,                0.70245,                0.49686,                 1.0848,                0.98854,                 1.1276,                 1.2356,                 1.2369,                 1.1301,              0.0088912,              0.0088912,              0.0088912
                     59,                 1.1942,                 1.3277,                 1.2324,                 1.3833,                 1.6808,                 1.2195,                0.71455,                 0.6109,                0.69079,                0.48588,                 1.0954,                 1.0081,                 1.1252,                 1.2523,                 1.2586,                 1.1318,              0.0088714,              0.0088714,              0.0088714
                     60,                 1.2076,                 1.3266,                 1.2439,                 1.4026,                 1.6693,                 1.2263,                0.70723,                0.56316,                0.64263,                0.44836,                 1.1266,                 1.0957,                 1.1462,                 1.2802,                 1.3439,                 1.1509,              0.0088516,              0.0088516,              0.0088516
                     61,                 1.2044,                 1.3189,                 1.2389,                 1.3893,                 1.6727,                 1.2235,                0.71545,                0.60057,                0.68352,                0.47899,                 1.0977,                 1.0106,                 1.1424,                 1.2529,                 1.2436,                 1.1448,              0.0088318,              0.0088318,              0.0088318
                     62,                 1.1943,                 1.3158,                 1.2329,                  1.389,                 1.6564,                 1.2185,                0.70506,                0.64265,                0.70144,                  0.499,                 1.0692,                0.96542,                 1.1154,                  1.223,                 1.2215,                 1.1158,               0.008812,               0.008812,               0.008812
                     63,                 1.1884,                 1.3099,                  1.237,                  1.376,                 1.6478,                 1.2214,                0.73341,                0.64395,                0.71837,                0.51114,                 1.0693,                0.96379,                  1.119,                 1.2286,                 1.1906,                 1.1262,              0.0087922,              0.0087922,              0.0087922
                     64,                 1.2043,                  1.315,                 1.2408,                 1.3953,                 1.6656,                 1.2244,                0.69466,                0.63504,                0.69603,                0.49356,                 1.0726,                0.98755,                 1.1161,                  1.232,                 1.2482,                 1.1217,              0.0087724,              0.0087724,              0.0087724
                     65,                 1.1857,                 1.2862,                 1.2207,                 1.3732,                 1.6313,                 1.2124,                0.74373,                0.61729,                0.70794,                0.50317,                 1.0635,                0.95249,                 1.1027,                 1.2295,                 1.1871,                 1.1157,              0.0087526,              0.0087526,              0.0087526
                     66,                  1.184,                 1.3124,                 1.2294,                 1.3753,                 1.6527,                 1.2167,                0.73796,                0.65167,                0.72355,                0.51247,                 1.0674,                0.93069,                  1.107,                 1.2399,                  1.163,                 1.1237,              0.0087328,              0.0087328,              0.0087328
                     67,                 1.1783,                 1.2965,                 1.2291,                 1.3665,                 1.6449,                 1.2155,                0.72283,                0.62728,                0.70137,                 0.4934,                 1.0744,                0.98336,                 1.1188,                 1.2385,                 1.2381,                 1.1322,               0.008713,               0.008713,               0.008713
                     68,                 1.1774,                 1.2811,                 1.2257,                 1.3683,                 1.6186,                 1.2168,                0.75423,                0.62639,                0.72352,                0.51316,                 1.0582,                0.94978,                 1.1041,                 1.2185,                 1.2071,                  1.119,              0.0086932,              0.0086932,              0.0086932
                     69,                 1.1783,                 1.2804,                 1.2266,                 1.3703,                 1.6199,                 1.2155,                 0.7496,                  0.652,                 0.7301,                0.52427,                 1.0581,                0.91791,                 1.1071,                 1.2219,                 1.1554,                 1.1194,              0.0086734,              0.0086734,              0.0086734
                     70,                 1.1794,                  1.274,                 1.2234,                 1.3759,                 1.6147,                 1.2164,                0.74613,                0.65064,                0.73073,                0.52788,                 1.0402,                0.91107,                 1.0927,                 1.2068,                 1.1396,                 1.1091,              0.0086536,              0.0086536,              0.0086536
                     71,                 1.1796,                 1.2747,                 1.2218,                 1.3715,                 1.6174,                 1.2125,                0.77864,                0.64607,                0.74234,                0.53103,                 1.0449,                0.90495,                 1.1001,                  1.202,                 1.1317,                 1.1071,              0.0086338,              0.0086338,              0.0086338
                     72,                  1.177,                 1.2642,                 1.2212,                 1.3618,                 1.6055,                 1.2115,                 0.7648,                0.63164,                0.72794,                0.51924,                 1.0547,                0.92208,                 1.0984,                 1.2114,                 1.1584,                 1.1114,               0.008614,               0.008614,               0.008614
                     73,                 1.1821,                 1.2646,                 1.2246,                  1.372,                 1.6071,                 1.2112,                0.78053,                 0.6471,                0.74913,                0.54094,                 1.0252,                 0.8816,                 1.0851,                 1.1937,                 1.0903,                 1.1012,              0.0085942,              0.0085942,              0.0085942
                     74,                 1.1703,                  1.247,                 1.2179,                 1.3674,                 1.5824,                 1.2104,                0.75907,                0.66741,                  0.749,                0.54264,                 1.0316,                   0.89,                 1.0865,                 1.2013,                 1.1123,                 1.1011,              0.0085744,              0.0085744,              0.0085744
                     75,                 1.1626,                 1.2562,                 1.2187,                 1.3571,                 1.5947,                 1.2102,                0.79196,                0.66022,                0.75778,                 0.5465,                 1.0238,                0.86372,                 1.0836,                 1.1832,                 1.0887,                 1.0994,              0.0085546,              0.0085546,              0.0085546
                     76,                 1.1731,                 1.2663,                 1.2249,                 1.3651,                 1.6106,                 1.2116,                0.78012,                0.66533,                0.75561,                0.54635,                 1.0359,                0.87773,                 1.0813,                 1.1957,                 1.1019,                 1.1005,              0.0085348,              0.0085348,              0.0085348
                     77,                 1.1508,                 1.2274,                 1.2077,                 1.3503,                  1.572,                 1.2012,                0.78862,                0.65802,                0.76034,                0.55358,                  1.025,                0.86897,                 1.0808,                 1.1905,                  1.093,                 1.0964,               0.008515,               0.008515,               0.008515
                     78,                 1.1454,                 1.2326,                 1.2113,                  1.343,                 1.5651,                 1.2062,                0.78528,                0.67424,                0.76666,                0.55823,                 1.0135,                0.85523,                 1.0762,                  1.185,                 1.0553,                 1.0939,              0.0084952,              0.0084952,              0.0084952
                     79,                 1.1639,                 1.2299,                 1.2144,                 1.3524,                  1.569,                 1.2018,                 0.7688,                0.68728,                0.76449,                 0.5594,                 1.0151,                0.84098,                 1.0795,                 1.1754,                 1.0614,                 1.0893,              0.0084754,              0.0084754,              0.0084754
                     80,                 1.1664,                 1.2379,                 1.2115,                  1.356,                 1.5767,                 1.2012,                0.78771,                0.67523,                0.77097,                0.55806,                 1.0115,                0.83617,                 1.0758,                 1.1773,                 1.0431,                 1.0951,              0.0084556,              0.0084556,              0.0084556
                     81,                 1.1529,                 1.2393,                 1.2097,                 1.3494,                 1.5866,                 1.2024,                0.75717,                0.66142,                0.75343,                0.54981,                 1.0071,                0.84975,                  1.073,                 1.1803,                 1.0651,                 1.0891,              0.0084358,              0.0084358,              0.0084358
                     82,                 1.1356,                   1.22,                 1.2056,                  1.324,                 1.5573,                 1.1968,                0.78442,                0.67459,                 0.7686,                0.56239,                0.98821,                0.82342,                 1.0579,                 1.1682,                 1.0456,                 1.0765,               0.008416,               0.008416,               0.008416
                     83,                 1.1522,                  1.224,                 1.2061,                 1.3363,                 1.5589,                 1.1943,                0.79143,                0.68478,                0.77345,                 0.5664,                0.99673,                0.83613,                  1.064,                  1.163,                 1.0575,                 1.0785,              0.0083962,              0.0083962,              0.0083962
                     84,                  1.159,                 1.2247,                 1.2115,                  1.353,                 1.5695,                  1.203,                0.79008,                0.69077,                0.78113,                0.57863,                0.98514,                0.79885,                 1.0524,                 1.1563,                 1.0087,                 1.0687,              0.0083764,              0.0083764,              0.0083764
                     85,                 1.1482,                 1.1995,                 1.2031,                 1.3432,                 1.5374,                  1.196,                 0.7806,                0.69525,                0.77873,                0.57643,                0.98783,                0.81044,                  1.058,                 1.1561,                 1.0308,                 1.0734,              0.0083566,              0.0083566,              0.0083566
                     86,                 1.1608,                 1.2033,                 1.2053,                 1.3676,                 1.5431,                 1.1954,                0.79387,                0.70036,                0.78549,                0.58051,                0.98122,                 0.7988,                 1.0552,                 1.1451,                 1.0035,                 1.0695,              0.0083368,              0.0083368,              0.0083368
                     87,                 1.1522,                 1.1987,                 1.2021,                 1.3459,                 1.5331,                 1.1916,                0.79911,                0.69975,                0.79372,                0.58558,                0.97896,                0.79311,                  1.051,                 1.1504,                 1.0035,                 1.0698,               0.008317,               0.008317,               0.008317
                     88,                 1.1425,                 1.1947,                 1.1962,                 1.3406,                 1.5284,                 1.1927,                0.82577,                0.68893,                0.79716,                0.58838,                0.97318,                 0.7876,                 1.0511,                 1.1486,                0.98746,                 1.0712,              0.0082972,              0.0082972,              0.0082972
                     89,                 1.1336,                 1.1801,                 1.1959,                 1.3385,                 1.5147,                 1.1955,                0.80455,                0.69783,                0.78852,                0.58863,                0.97925,                0.78511,                 1.0529,                 1.1428,                0.98477,                  1.068,              0.0082774,              0.0082774,              0.0082774
                     90,                 1.1402,                 1.1811,                 1.1957,                 1.3419,                  1.525,                 1.1909,                 0.8138,                0.71161,                0.80224,                0.59383,                0.96855,                 0.7751,                 1.0471,                 1.1412,                0.97658,                 1.0629,              0.0082576,              0.0082576,              0.0082576
                     91,                 1.1484,                 1.1876,                 1.2034,                 1.3458,                 1.5232,                  1.202,                0.80366,                0.69806,                0.80077,                0.59301,                0.97329,                0.77539,                 1.0483,                 1.1544,                0.98082,                 1.0723,              0.0082378,              0.0082378,              0.0082378
                     92,                 1.1378,                 1.1886,                 1.1947,                 1.3331,                 1.5215,                 1.1926,                0.79705,                0.71259,                0.80067,                0.59501,                0.96996,                0.76723,                 1.0461,                 1.1376,                0.97632,                 1.0673,               0.008218,               0.008218,               0.008218
                     93,                 1.1393,                  1.182,                 1.1958,                 1.3339,                  1.522,                 1.1904,                0.80195,                0.71028,                0.80012,                0.59607,                0.96552,                0.76274,                 1.0418,                 1.1299,                0.97622,                 1.0631,              0.0081982,              0.0081982,              0.0081982
                     94,                 1.1379,                 1.1694,                 1.1929,                 1.3407,                 1.4996,                 1.1905,                0.80771,                0.72956,                0.80943,                0.60151,                 0.9632,                0.76819,                 1.0427,                 1.1349,                0.96704,                 1.0641,              0.0081784,              0.0081784,              0.0081784
                     95,                 1.1323,                 1.1754,                 1.1906,                 1.3261,                 1.5109,                 1.1866,                0.82688,                0.71548,                0.81252,                0.60844,                 0.9577,                0.74438,                 1.0368,                 1.1385,                0.92564,                 1.0613,              0.0081586,              0.0081586,              0.0081586
                     96,                 1.1394,                 1.1826,                 1.1974,                 1.3367,                 1.5045,                 1.1925,                0.81895,                0.70633,                0.80825,                0.60504,                0.96306,                0.75728,                 1.0412,                 1.1319,                0.94583,                 1.0597,              0.0081388,              0.0081388,              0.0081388
                     97,                 1.1387,                 1.1746,                  1.196,                 1.3285,                 1.5107,                 1.1924,                0.84222,                0.71346,                 0.8157,                0.61424,                0.94618,                0.74263,                 1.0356,                 1.1051,                0.93805,                 1.0533,               0.008119,               0.008119,               0.008119
                     98,                  1.127,                  1.167,                 1.1925,                 1.3221,                 1.4974,                 1.1878,                0.81957,                0.71284,                0.81133,                0.61234,                0.94402,                0.74289,                 1.0327,                  1.112,                0.94423,                 1.0536,              0.0080992,              0.0080992,              0.0080992
                     99,                 1.1263,                 1.1769,                 1.1859,                 1.3357,                  1.507,                 1.1854,                0.82676,                 0.7274,                0.81925,                0.61919,                0.93988,                0.72462,                 1.0308,                 1.1102,                0.90609,                 1.0525,              0.0080794,              0.0080794,              0.0080794
                    100,                 1.1276,                 1.1589,                 1.1925,                 1.3228,                 1.4937,                  1.191,                0.83417,                0.73274,                 0.8252,                0.62096,                0.93585,                0.72501,                 1.0289,                 1.1079,                0.91671,                  1.053,              0.0080596,              0.0080596,              0.0080596
                    101,                  1.119,                  1.163,                 1.1885,                 1.3118,                 1.4886,                 1.1861,                0.82388,                0.73252,                 0.8213,                0.62005,                 0.9397,                0.73031,                 1.0315,                 1.1093,                0.91684,                  1.053,              0.0080398,              0.0080398,              0.0080398
                    102,                 1.1078,                 1.1459,                 1.1845,                 1.3095,                 1.4761,                 1.1818,                0.83595,                0.73566,                0.82513,                 0.6219,                0.93522,                0.72304,                 1.0279,                 1.1112,                0.89787,                 1.0542,                0.00802,                0.00802,                0.00802
                    103,                   1.13,                 1.1541,                 1.1907,                 1.3264,                 1.4879,                 1.1864,                0.83872,                0.72643,                0.82079,                0.62021,                0.93507,                0.71976,                 1.0292,                 1.1022,                 0.9084,                 1.0473,              0.0080002,              0.0080002,              0.0080002
                    104,                 1.1311,                 1.1516,                  1.187,                 1.3375,                 1.4755,                 1.1857,                0.82078,                0.74942,                0.82586,                0.62516,                0.93327,                0.70878,                 1.0246,                 1.0993,                0.88716,                  1.044,              0.0079804,              0.0079804,              0.0079804
                    105,                 1.1251,                 1.1605,                 1.1879,                 1.3262,                 1.4862,                 1.1859,                0.83049,                0.74387,                0.83021,                0.62841,                0.92885,                0.71076,                 1.0252,                 1.0989,                0.88893,                 1.0461,              0.0079606,              0.0079606,              0.0079606
                    106,                 1.1176,                 1.1387,                 1.1865,                 1.3129,                 1.4705,                 1.1821,                0.81395,                0.75041,                0.83273,                0.63134,                0.93026,                0.70743,                 1.0255,                 1.0969,                0.89055,                 1.0445,              0.0079408,              0.0079408,              0.0079408
                    107,                 1.1204,                 1.1342,                 1.1847,                 1.3094,                 1.4653,                 1.1804,                0.84166,                0.74046,                0.83342,                0.63166,                0.92555,                0.70499,                 1.0202,                 1.0901,                 0.8906,                 1.0372,               0.007921,               0.007921,               0.007921
                    108,                 1.1144,                  1.134,                 1.1841,                 1.3121,                 1.4568,                  1.183,                0.83737,                0.75049,                0.83802,                0.63591,                0.91899,                0.70012,                  1.018,                 1.0886,                0.87829,                 1.0398,              0.0079012,              0.0079012,              0.0079012
                    109,                 1.1152,                 1.1455,                 1.1822,                 1.3195,                 1.4704,                 1.1788,                0.83265,                0.74631,                0.83719,                0.63768,                0.91807,                0.69812,                 1.0178,                 1.0852,                0.87837,                 1.0378,              0.0078814,              0.0078814,              0.0078814
                    110,                 1.0999,                 1.1325,                 1.1796,                 1.3053,                 1.4426,                 1.1772,                0.85386,                0.73733,                 0.8351,                0.63569,                0.91648,                0.69988,                 1.0153,                 1.0827,                0.88245,                 1.0358,              0.0078616,              0.0078616,              0.0078616
                    111,                 1.1143,                 1.1375,                 1.1832,                 1.3158,                 1.4666,                 1.1823,                0.85686,                0.73262,                0.83666,                 0.6376,                0.91016,                0.69469,                 1.0144,                 1.0805,                0.86765,                 1.0366,              0.0078418,              0.0078418,              0.0078418
                    112,                 1.1057,                 1.1394,                 1.1814,                 1.3076,                 1.4763,                 1.1797,                0.84186,                0.75145,                0.83965,                0.64517,                0.90366,                0.68135,                 1.0082,                 1.0698,                0.85998,                 1.0273,               0.007822,               0.007822,               0.007822
                    113,                 1.1052,                 1.1236,                 1.1781,                 1.3045,                 1.4429,                 1.1766,                0.84485,                0.74457,                0.83934,                0.64351,                0.90359,                0.68204,                 1.0069,                 1.0684,                0.86638,                 1.0259,              0.0078022,              0.0078022,              0.0078022
                    114,                 1.1038,                 1.1355,                 1.1772,                 1.3019,                 1.4733,                 1.1767,                0.83934,                0.74939,                  0.842,                0.64866,                 0.8986,                0.67801,                 1.0046,                 1.0589,                0.86814,                 1.0239,              0.0077824,              0.0077824,              0.0077824
                    115,                 1.1059,                 1.1091,                 1.1777,                 1.3125,                 1.4373,                 1.1788,                0.84616,                0.74962,                0.84011,                0.64705,                0.89503,                0.67515,                 1.0032,                 1.0597,                0.85831,                 1.0247,              0.0077626,              0.0077626,              0.0077626
                    116,                 1.1154,                 1.1303,                 1.1762,                 1.3231,                 1.4607,                 1.1755,                0.85664,                0.74088,                  0.844,                0.64891,                0.89681,                0.67627,                 1.0032,                  1.067,                0.85164,                 1.0246,              0.0077428,              0.0077428,              0.0077428
                    117,                 1.0996,                 1.1112,                 1.1751,                 1.2963,                  1.432,                 1.1749,                0.84471,                0.75425,                0.84593,                0.65118,                0.89294,                0.66856,                      1,                 1.0608,                0.84231,                 1.0209,               0.007723,               0.007723,               0.007723
                    118,                 1.0934,                 1.1131,                  1.173,                 1.2877,                 1.4343,                 1.1746,                0.83935,                0.75884,                0.84643,                0.65213,                0.89423,                0.67027,                 1.0009,                 1.0565,                0.84668,                 1.0197,              0.0077032,              0.0077032,              0.0077032
                    119,                 1.0962,                 1.1042,                 1.1705,                 1.2949,                 1.4233,                 1.1715,                0.83999,                0.75618,                0.84812,                0.65505,                0.89028,                0.66678,                 1.0006,                 1.0577,                0.84507,                 1.0237,              0.0076834,              0.0076834,              0.0076834
                    120,                  1.102,                   1.11,                 1.1753,                    1.3,                 1.4339,                 1.1744,                0.83529,                0.76567,                0.84947,                0.65614,                0.88666,                0.65577,                0.99876,                 1.0541,                0.82521,                 1.0208,              0.0076636,              0.0076636,              0.0076636
                    121,                 1.0993,                 1.1031,                  1.169,                 1.2988,                 1.4231,                 1.1732,                0.86577,                0.75416,                0.85139,                0.65872,                0.87905,                0.65324,                0.99514,                 1.0521,                0.82495,                 1.0206,              0.0076438,              0.0076438,              0.0076438
                    122,                 1.0916,                 1.0977,                 1.1653,                 1.3034,                 1.4138,                 1.1688,                0.84035,                0.76277,                0.84887,                0.65656,                0.88195,                0.65307,                0.99488,                 1.0552,                0.82245,                 1.0202,               0.007624,               0.007624,               0.007624
                    123,                 1.0877,                 1.1011,                 1.1705,                  1.278,                 1.4173,                 1.1735,                0.85146,                0.75643,                0.85023,                0.66019,                0.88089,                0.65004,                0.99554,                 1.0502,                0.82109,                 1.0192,              0.0076042,              0.0076042,              0.0076042
                    124,                 1.0968,                 1.0924,                  1.172,                  1.294,                 1.4058,                  1.173,                0.83964,                0.77091,                0.85003,                0.65756,                0.87831,                0.64787,                0.99468,                 1.0463,                0.82405,                   1.02,              0.0075844,              0.0075844,              0.0075844
                    125,                 1.0959,                 1.0933,                 1.1748,                 1.2941,                 1.4084,                 1.1752,                 0.8583,                0.76659,                0.85433,                0.66249,                0.87648,                0.64201,                0.99424,                 1.0442,                0.80733,                 1.0174,              0.0075646,              0.0075646,              0.0075646
                    126,                  1.089,                 1.0893,                 1.1633,                  1.289,                 1.4059,                 1.1601,                0.85589,                0.76881,                0.85704,                0.66571,                0.87401,                0.63899,                0.99058,                 1.0427,                0.81052,                 1.0154,              0.0075448,              0.0075448,              0.0075448
                    127,                 1.0992,                 1.0827,                 1.1699,                  1.302,                 1.4064,                 1.1661,                 0.8523,                0.76678,                0.85624,                0.66524,                0.87109,                0.64178,                0.98987,                 1.0393,                0.81412,                 1.0126,               0.007525,               0.007525,               0.007525
                    128,                 1.0905,                  1.079,                 1.1665,                 1.3001,                 1.4022,                 1.1691,                 0.8513,                0.77324,                 0.8586,                 0.6665,                0.86987,                   0.64,                0.98965,                 1.0348,                0.80585,                 1.0124,              0.0075052,              0.0075052,              0.0075052
                    129,                 1.0919,                 1.0911,                 1.1696,                 1.2956,                 1.4094,                 1.1702,                0.83724,                0.78055,                0.85748,                0.66665,                0.86665,                0.63693,                0.98759,                 1.0336,                0.80289,                 1.0102,              0.0074854,              0.0074854,              0.0074854
                    130,                 1.0855,                 1.0728,                 1.1633,                 1.2807,                 1.3891,                 1.1645,                0.85679,                 0.7762,                0.86167,                0.67086,                0.86448,                0.63177,                0.98563,                  1.034,                0.78968,                  1.009,              0.0074656,              0.0074656,              0.0074656
                    131,                 1.0897,                  1.089,                  1.164,                 1.2968,                 1.4164,                 1.1648,                0.84986,                0.78996,                0.86348,                0.67274,                0.86398,                0.62902,                0.98554,                 1.0345,                0.78637,                  1.009,              0.0074458,              0.0074458,              0.0074458
                    132,                  1.103,                 1.0909,                 1.1712,                 1.2983,                 1.4095,                 1.1728,                0.85915,                0.77577,                0.86255,                0.67289,                0.86317,                0.62717,                0.98476,                 1.0307,                0.78993,                 1.0097,               0.007426,               0.007426,               0.007426
                    133,                 1.0841,                 1.0877,                 1.1655,                 1.2884,                 1.4069,                 1.1699,                 0.8561,                0.78005,                0.86582,                0.67692,                0.85882,                0.62567,                0.98381,                 1.0285,                0.77944,                 1.0103,              0.0074062,              0.0074062,              0.0074062
                    134,                 1.0822,                 1.0774,                  1.161,                 1.2772,                 1.3957,                 1.1642,                 0.8651,                 0.7782,                0.86609,                0.67845,                0.85495,                0.62543,                0.98152,                 1.0238,                0.77953,                  1.009,              0.0073864,              0.0073864,              0.0073864
                    135,                 1.0822,                 1.0706,                 1.1602,                 1.2919,                 1.3903,                 1.1706,                0.86079,                0.78067,                 0.8662,                0.67759,                0.85472,                0.62234,                0.98043,                 1.0219,                0.78441,                 1.0082,              0.0073666,              0.0073666,              0.0073666
                    136,                 1.0747,                 1.0671,                 1.1605,                 1.2728,                 1.3855,                 1.1649,                0.86853,                0.77581,                0.86824,                0.67962,                0.85424,                0.61811,                0.98028,                 1.0217,                0.78091,                 1.0062,              0.0073468,              0.0073468,              0.0073468
                    137,                 1.0784,                 1.0564,                 1.1613,                 1.2787,                 1.3685,                 1.1669,                0.86442,                0.77366,                0.86742,                0.67966,                0.85448,                0.61533,                0.98133,                   1.02,                0.77664,                  1.006,               0.007327,               0.007327,               0.007327
                    138,                 1.0745,                 1.0595,                 1.1558,                 1.2814,                  1.377,                 1.1604,                0.86231,                0.78004,                0.86857,                0.68111,                0.85148,                0.61259,                0.97883,                  1.018,                0.77318,                 1.0041,              0.0073072,              0.0073072,              0.0073072
                    139,                 1.0803,                  1.063,                 1.1604,                 1.2802,                  1.372,                 1.1621,                 0.8561,                0.79117,                0.86954,                0.68124,                0.85029,                0.61365,                0.97796,                 1.0169,                0.77247,                  1.003,              0.0072874,              0.0072874,              0.0072874
                    140,                 1.0899,                 1.0704,                 1.1672,                  1.286,                 1.3905,                 1.1703,                0.87176,                0.77993,                0.87016,                 0.6826,                0.84635,                0.61194,                 0.9767,                 1.0126,                0.77211,                 1.0016,              0.0072676,              0.0072676,              0.0072676
                    141,                 1.0787,                  1.052,                 1.1564,                 1.2917,                 1.3656,                 1.1594,                0.86141,                0.78959,                0.87083,                0.68385,                0.84486,                0.61011,                0.97481,                 1.0115,                  0.768,                0.99976,              0.0072478,              0.0072478,              0.0072478
                    142,                   1.07,                  1.054,                  1.159,                 1.2719,                 1.3625,                 1.1626,                0.87448,                0.78973,                0.87402,                0.68788,                0.84095,                0.60677,                0.97341,                 1.0057,                0.75994,                0.99864,               0.007228,               0.007228,               0.007228
                    143,                 1.0705,                 1.0515,                 1.1501,                 1.2727,                 1.3628,                 1.1518,                0.88346,                0.78555,                0.87369,                0.68809,                0.83715,                0.60425,                0.97038,                 1.0054,                0.75851,                0.99628,              0.0072082,              0.0072082,              0.0072082
                    144,                 1.0762,                 1.0516,                 1.1549,                 1.2842,                 1.3606,                 1.1598,                  0.871,                0.78356,                0.87302,                  0.689,                0.83463,                0.60317,                 0.9682,                 1.0032,                 0.7547,                0.99516,              0.0071884,              0.0071884,              0.0071884
                    145,                  1.076,                 1.0552,                 1.1556,                 1.2798,                 1.3669,                 1.1586,                0.88373,                0.78122,                 0.8727,                0.68972,                0.83404,                0.60264,                 0.9675,                 1.0005,                0.75207,                0.99506,              0.0071686,              0.0071686,              0.0071686
                    146,                  1.064,                 1.0406,                 1.1567,                 1.2659,                  1.354,                 1.1591,                0.87694,                0.78463,                0.87359,                0.69055,                0.83278,                0.60385,                0.96708,                0.99845,                0.75108,                0.99414,              0.0071488,              0.0071488,              0.0071488
                    147,                 1.0734,                 1.0437,                 1.1583,                 1.2636,                 1.3562,                 1.1592,                0.87502,                 0.7884,                0.87412,                0.69303,                 0.8316,                0.60068,                0.96605,                0.99448,                0.75037,                 0.9913,               0.007129,               0.007129,               0.007129
                    148,                 1.0706,                 1.0384,                 1.1559,                 1.2728,                 1.3533,                 1.1582,                0.87988,                0.79024,                0.87507,                0.69432,                0.83305,                0.59883,                 0.9676,                0.99499,                0.74712,                0.99231,              0.0071092,              0.0071092,              0.0071092
                    149,                 1.0671,                 1.0533,                 1.1522,                 1.2685,                 1.3645,                 1.1554,                 0.8799,                0.79116,                 0.8778,                0.69545,                0.83217,                0.59737,                0.96801,                0.99636,                0.74057,                0.99217,              0.0070894,              0.0070894,              0.0070894
                    150,                 1.0743,                 1.0483,                 1.1546,                 1.2724,                  1.361,                 1.1562,                0.88536,                0.79502,                0.88089,                0.69834,                0.83013,                0.59329,                0.96728,                0.99182,                0.74109,                0.98987,              0.0070696,              0.0070696,              0.0070696
                    151,                 1.0693,                 1.0435,                 1.1531,                 1.2802,                 1.3639,                 1.1552,                0.88523,                0.79537,                0.88117,                  0.698,                0.82793,                0.59152,                0.96636,                  0.992,                0.73606,                0.98986,              0.0070498,              0.0070498,              0.0070498
                    152,                 1.0587,                  1.032,                 1.1491,                 1.2565,                 1.3428,                 1.1545,                0.88171,                0.79754,                0.88101,                0.69798,                0.82624,                 0.5913,                0.96553,                0.98989,                0.73648,                0.98909,                0.00703,                0.00703,                0.00703
                    153,                 1.0726,                 1.0315,                 1.1494,                 1.2815,                  1.346,                  1.156,                 0.8841,                 0.7949,                0.88142,                0.69818,                0.82611,                0.58903,                0.96492,                0.98708,                0.73497,                0.98888,              0.0070102,              0.0070102,              0.0070102
                    154,                 1.0657,                 1.0302,                 1.1517,                 1.2707,                 1.3433,                 1.1566,                0.88615,                0.79465,                0.88216,                 0.6994,                0.82398,                0.58531,                0.96406,                0.98428,                 0.7312,                0.98699,              0.0069904,              0.0069904,              0.0069904
                    155,                 1.0558,                 1.0255,                 1.1458,                 1.2578,                 1.3289,                 1.1532,                0.87622,                0.79935,                0.88216,                0.70036,                0.82233,                0.58468,                0.96289,                0.98643,                0.72867,                0.98839,              0.0069706,              0.0069706,              0.0069706
                    156,                 1.0541,                 1.0187,                 1.1418,                 1.2648,                 1.3211,                 1.1505,                0.87425,                0.80182,                0.88219,                0.70165,                0.81969,                0.58305,                0.96128,                0.98618,                0.72216,                0.98915,              0.0069508,              0.0069508,              0.0069508
                    157,                 1.0573,                 1.0307,                 1.1481,                 1.2594,                  1.336,                 1.1556,                0.88414,                0.79647,                0.88308,                0.70211,                0.81867,                0.58226,                0.96143,                 0.9829,                0.72075,                0.98853,               0.006931,               0.006931,               0.006931
                    158,                 1.0675,                 1.0313,                 1.1506,                 1.2744,                  1.338,                 1.1558,                0.88043,                0.79979,                0.88495,                0.70456,                 0.8177,                0.57972,                0.96082,                0.98093,                0.71889,                0.98713,              0.0069112,              0.0069112,              0.0069112
                    159,                 1.0466,                 1.0175,                 1.1442,                 1.2475,                 1.3172,                 1.1488,                0.88496,                0.80201,                0.88511,                 0.7059,                0.81691,                0.57857,                0.96076,                0.98026,                0.71375,                0.98623,              0.0068914,              0.0068914,              0.0068914
                    160,                 1.0604,                 1.0317,                 1.1477,                 1.2679,                 1.3451,                 1.1498,                0.87571,                0.80618,                0.88656,                0.70675,                0.81562,                0.57658,                   0.96,                0.97817,                  0.711,                0.98558,              0.0068716,              0.0068716,              0.0068716
                    161,                 1.0582,                 1.0298,                 1.1463,                 1.2629,                 1.3396,                 1.1507,                0.89061,                0.80016,                0.88714,                0.70712,                0.81381,                0.57439,                0.95867,                0.97416,                0.70941,                0.98384,              0.0068518,              0.0068518,              0.0068518
                    162,                 1.0524,                 1.0076,                 1.1413,                 1.2543,                 1.3009,                 1.1495,                0.88693,                0.80322,                0.88687,                0.70707,                0.81206,                 0.5729,                0.95758,                0.97273,                0.70725,                0.98356,               0.006832,               0.006832,               0.006832
                    163,                 1.0557,                 1.0163,                 1.1469,                 1.2571,                 1.3359,                 1.1525,                0.88554,                0.80695,                0.88775,                0.70812,                0.81038,                0.57117,                0.95659,                0.96973,                0.70508,                0.98223,              0.0068122,              0.0068122,              0.0068122
                    164,                 1.0472,                 1.0007,                 1.1415,                 1.2426,                 1.2969,                 1.1467,                0.90436,                0.79078,                0.88854,                0.70901,                0.81015,                0.56961,                0.95585,                0.96946,                0.70528,                0.98116,              0.0067924,              0.0067924,              0.0067924
                    165,                  1.056,                 1.0127,                 1.1444,                 1.2547,                  1.324,                 1.1496,                0.90211,                0.79678,                0.88929,                0.71127,                0.80835,                0.56837,                0.95507,                0.96733,                0.70644,                0.97984,              0.0067726,              0.0067726,              0.0067726
                    166,                 1.0464,                 1.0114,                 1.1405,                 1.2432,                 1.3259,                  1.142,                0.89732,                0.79225,                0.88888,                0.71108,                0.80817,                0.56701,                0.95503,                0.96561,                0.70632,                0.97941,              0.0067528,              0.0067528,              0.0067528
                    167,                 1.0533,                 1.0209,                 1.1441,                 1.2579,                 1.3272,                 1.1483,                0.88773,                0.80254,                0.88983,                0.71164,                0.80723,                0.56539,                0.95401,                0.96429,                0.70347,                0.97821,               0.006733,               0.006733,               0.006733
                    168,                 1.0508,                  1.013,                 1.1404,                 1.2494,                 1.3175,                  1.146,                0.89124,                0.80179,                0.89028,                0.71261,                0.80632,                0.56333,                0.95329,                0.96341,                0.70119,                0.97673,              0.0067132,              0.0067132,              0.0067132
                    169,                  1.052,                 1.0069,                  1.142,                 1.2524,                 1.3065,                 1.1472,                0.88924,                0.80728,                0.89058,                0.71327,                0.80489,                0.56179,                0.95244,                0.96237,                0.70028,                0.97634,              0.0066934,              0.0066934,              0.0066934
                    170,                 1.0449,                 1.0052,                 1.1418,                 1.2476,                 1.3049,                 1.1513,                0.88651,                0.81263,                0.89118,                0.71383,                0.80447,                0.56034,                0.95195,                0.96269,                0.69561,                0.97669,              0.0066736,              0.0066736,              0.0066736
                    171,                 1.0522,                 1.0038,                 1.1412,                 1.2637,                 1.3168,                 1.1457,                0.89895,                0.80269,                0.89062,                0.71468,                0.80299,                0.55872,                0.95096,                0.96128,                  0.694,                0.97574,              0.0066538,              0.0066538,              0.0066538
                    172,                 1.0483,                 1.0056,                 1.1396,                 1.2559,                 1.2981,                 1.1444,                0.90365,                0.80255,                0.89167,                0.71605,                0.80134,                 0.5573,                0.95011,                0.96036,                0.68922,                0.97552,               0.006634,               0.006634,               0.006634
                    173,                 1.0424,                0.99719,                 1.1378,                  1.252,                 1.2984,                 1.1453,                0.90688,                0.80136,                0.89203,                0.71604,                0.79996,                0.55696,                0.94964,                0.95945,                0.68848,                0.97489,              0.0066142,              0.0066142,              0.0066142
                    174,                 1.0516,                0.99905,                 1.1395,                 1.2618,                 1.3028,                 1.1458,                0.90939,                0.79794,                0.89307,                0.71663,                0.79789,                0.55612,                0.94861,                0.95767,                0.68755,                0.97283,              0.0065944,              0.0065944,              0.0065944
                    175,                 1.0407,                 1.0011,                 1.1401,                 1.2432,                 1.3088,                  1.146,                 0.9011,                0.80112,                0.89241,                0.71684,                 0.7969,                0.55607,                0.94793,                0.95887,                0.68517,                 0.9732,              0.0065746,              0.0065746,              0.0065746
                    176,                 1.0327,                0.98817,                 1.1283,                 1.2324,                 1.2996,                 1.1342,                0.88986,                0.80518,                0.89226,                0.71727,                0.79619,                0.55616,                0.94712,                0.95714,                0.68916,                0.97116,              0.0065548,              0.0065548,              0.0065548
                    177,                 1.0392,                 0.9838,                 1.1347,                  1.249,                 1.2822,                 1.1432,                 0.8919,                0.80592,                0.89175,                0.71778,                0.79571,                0.55591,                 0.9463,                0.95745,                0.68715,                0.97065,               0.006535,               0.006535,               0.006535
                    178,                 1.0459,                0.98914,                  1.135,                 1.2635,                 1.2915,                 1.1451,                0.88926,                0.80394,                0.89127,                0.71703,                0.79583,                  0.555,                0.94577,                0.95806,                 0.6862,                0.97004,              0.0065152,              0.0065152,              0.0065152
                    179,                 1.0275,                0.98343,                 1.1262,                 1.2369,                 1.2814,                 1.1366,                 0.8825,                0.81227,                 0.8916,                0.71719,                0.79537,                0.55298,                0.94523,                0.95731,                0.68675,                0.96969,              0.0064954,              0.0064954,              0.0064954
                    180,                 1.0389,                0.98451,                 1.1358,                  1.243,                 1.2847,                 1.1439,                0.88414,                0.80932,                0.89171,                0.71818,                0.79463,                0.55132,                0.94495,                0.95582,                0.68659,                0.96967,              0.0064756,              0.0064756,              0.0064756
                    181,                 1.0273,                0.97941,                  1.133,                 1.2376,                  1.273,                 1.1441,                0.87577,                0.80981,                0.89128,                0.71764,                0.79365,                0.55072,                0.94458,                0.95463,                0.68743,                0.96901,              0.0064558,              0.0064558,              0.0064558
                    182,                 1.0324,                0.98093,                 1.1294,                 1.2346,                 1.2817,                  1.139,                0.87496,                0.81214,                0.89175,                0.71849,                0.79283,                0.54994,                0.94389,                0.95402,                0.68566,                 0.9692,               0.006436,               0.006436,               0.006436
                    183,                 1.0275,                0.97427,                 1.1254,                 1.2391,                 1.2709,                 1.1354,                0.88463,                0.80627,                0.89255,                0.71854,                0.79252,                0.54898,                0.94377,                0.95328,                0.68565,                0.96895,              0.0064162,              0.0064162,              0.0064162
                    184,                 1.0433,                0.97283,                 1.1346,                 1.2492,                 1.2698,                 1.1404,                0.87405,                0.81605,                0.89307,                0.71964,                0.79217,                0.54774,                0.94389,                0.95337,                0.68341,                0.96854,              0.0063964,              0.0063964,              0.0063964
                    185,                 1.0391,                0.97857,                 1.1367,                  1.235,                 1.2754,                 1.1394,                0.88079,                0.81302,                0.89385,                0.72005,                0.79188,                0.54639,                 0.9438,                0.95279,                0.68209,                0.96772,              0.0063766,              0.0063766,              0.0063766
                    186,                 1.0322,                0.97473,                 1.1301,                 1.2454,                  1.273,                 1.1351,                0.88161,                0.81334,                0.89461,                0.72068,                0.79078,                0.54517,                0.94346,                0.95121,                0.67922,                0.96639,              0.0063568,              0.0063568,              0.0063568
                    187,                 1.0278,                0.96766,                  1.129,                  1.237,                   1.27,                 1.1347,                0.87335,                0.82069,                0.89501,                0.72113,                0.79033,                 0.5441,                0.94342,                0.95051,                0.67837,                0.96618,               0.006337,               0.006337,               0.006337
                    188,                 1.0452,                0.98169,                 1.1353,                 1.2563,                 1.2908,                 1.1393,                0.88914,                0.80773,                0.89579,                0.72132,                0.78959,                0.54277,                0.94304,                0.94958,                0.67712,                0.96621,              0.0063172,              0.0063172,              0.0063172
                    189,                 1.0261,                 0.9661,                 1.1299,                  1.232,                 1.2672,                 1.1341,                0.89055,                0.80793,                 0.8958,                0.72158,                0.78879,                0.54187,                0.94284,                0.94874,                0.67744,                 0.9655,              0.0062974,              0.0062974,              0.0062974
                    190,                 1.0318,                 0.9736,                 1.1305,                  1.242,                 1.2795,                 1.1364,                0.88916,                 0.8096,                0.89579,                0.72155,                0.78811,                0.54098,                0.94266,                0.94895,                0.67407,                0.96617,              0.0062776,              0.0062776,              0.0062776
                    191,                 1.0286,                0.97782,                 1.1278,                  1.238,                 1.2607,                 1.1381,                0.89298,                0.81122,                0.89696,                0.72244,                0.78651,                0.53965,                0.94174,                0.94652,                0.67338,                0.96474,              0.0062578,              0.0062578,              0.0062578
                    192,                  1.027,                0.96473,                 1.1274,                 1.2351,                 1.2529,                 1.1337,                0.89336,                0.81209,                0.89665,                 0.7228,                0.78537,                0.53868,                  0.941,                 0.9461,                0.67234,                0.96475,               0.006238,               0.006238,               0.006238
                    193,                 1.0243,                0.95533,                 1.1251,                 1.2302,                 1.2544,                 1.1279,                0.89036,                0.81519,                0.89706,                0.72364,                0.78454,                0.53805,                0.94049,                 0.9458,                0.67148,                0.96435,              0.0062182,              0.0062182,              0.0062182
                    194,                 1.0296,                0.96432,                 1.1269,                 1.2386,                 1.2622,                 1.1313,                 0.8866,                0.81732,                0.89769,                0.72482,                0.78383,                0.53726,                0.94029,                0.94598,                  0.669,                0.96426,              0.0061984,              0.0061984,              0.0061984
                    195,                  1.028,                0.96893,                 1.1285,                 1.2325,                 1.2622,                 1.1381,                0.89008,                0.81545,                0.89835,                0.72567,                0.78298,                0.53649,                0.93983,                0.94506,                0.66709,                0.96391,              0.0061786,              0.0061786,              0.0061786
                    196,                 1.0254,                0.96183,                 1.1289,                 1.2249,                  1.254,                 1.1363,                0.89215,                0.81607,                0.89866,                0.72566,                0.78247,                0.53571,                0.93935,                0.94307,                0.66766,                0.96324,              0.0061588,              0.0061588,              0.0061588
                    197,                 1.0259,                0.95688,                 1.1233,                 1.2365,                 1.2533,                 1.1345,                0.89125,                0.81637,                0.89882,                0.72621,                0.78136,                0.53465,                0.93874,                0.94192,                0.66777,                0.96227,               0.006139,               0.006139,               0.006139
                    198,                 1.0151,                0.95296,                 1.1212,                 1.2264,                 1.2561,                 1.1318,                0.89362,                0.81617,                 0.8991,                0.72678,                0.78004,                0.53357,                0.93819,                0.94053,                0.66779,                0.96212,              0.0061192,              0.0061192,              0.0061192
                    199,                 1.0267,                0.95777,                 1.1291,                 1.2341,                 1.2479,                 1.1394,                 0.8872,                0.82089,                 0.8996,                0.72743,                 0.7792,                0.53291,                0.93768,                0.93945,                0.66642,                0.96201,              0.0060994,              0.0060994,              0.0060994
                    200,                 1.0231,                0.95291,                 1.1217,                 1.2348,                 1.2437,                 1.1284,                0.88886,                0.82213,                0.90028,                0.72786,                0.77864,                 0.5326,                0.93722,                0.93923,                0.66459,                0.96182,              0.0060796,              0.0060796,              0.0060796
                    201,                 1.0205,                0.95859,                 1.1276,                 1.2271,                 1.2452,                 1.1364,                0.88745,                 0.8239,                0.90035,                0.72816,                0.77798,                0.53205,                0.93696,                0.93871,                0.66317,                0.96143,              0.0060598,              0.0060598,              0.0060598
                    202,                 1.0167,                 0.9468,                 1.1223,                 1.2276,                 1.2443,                 1.1327,                0.88908,                0.82301,                0.90082,                0.72845,                0.77716,                0.53144,                0.93664,                0.93716,                0.66277,                0.96076,                0.00604,                0.00604,                0.00604
                    203,                  1.014,                0.93686,                 1.1178,                 1.2221,                 1.2146,                 1.1274,                0.89053,                0.82111,                0.90108,                0.72909,                0.77642,                0.53048,                0.93628,                0.93612,                0.66079,                0.96007,              0.0060202,              0.0060202,              0.0060202
                    204,                  1.013,                0.95168,                 1.1209,                 1.2195,                 1.2429,                 1.1323,                0.88992,                0.82215,                0.90106,                 0.7294,                  0.776,                0.53002,                 0.9359,                0.93581,                0.65895,                 0.9595,              0.0060004,              0.0060004,              0.0060004
                    205,                 1.0143,                0.95028,                 1.1219,                 1.2152,                 1.2354,                  1.129,                0.89272,                0.82242,                0.90144,                0.73015,                0.77513,                0.52923,                0.93549,                0.93451,                0.65803,                0.95887,              0.0059806,              0.0059806,              0.0059806
                    206,                 1.0082,                0.95101,                 1.1197,                 1.2155,                  1.245,                 1.1316,                0.89756,                0.82046,                0.90218,                0.73106,                0.77419,                0.52849,                0.93497,                0.93466,                0.65538,                0.95872,              0.0059608,              0.0059608,              0.0059608
                    207,                 1.0218,                0.95479,                  1.122,                  1.228,                 1.2432,                 1.1329,                0.89698,                0.82146,                0.90242,                0.73132,                 0.7733,                0.52774,                0.93453,                 0.9335,                0.65463,                0.95818,               0.005941,               0.005941,               0.005941
                    208,                 1.0091,                0.93856,                  1.118,                 1.2226,                 1.2346,                 1.1296,                0.89929,                 0.8231,                0.90261,                0.73174,                0.77251,                0.52676,                0.93423,                0.93245,                0.65386,                0.95715,              0.0059212,              0.0059212,              0.0059212
                    209,                 1.0174,                0.93619,                 1.1228,                 1.2233,                 1.2178,                 1.1329,                0.90177,                0.82087,                0.90295,                0.73246,                  0.772,                0.52609,                0.93395,                0.93178,                0.65232,                0.95721,              0.0059014,              0.0059014,              0.0059014
                    210,                 1.0119,                0.93639,                 1.1229,                 1.2199,                 1.2204,                 1.1341,                0.89492,                0.82341,                0.90327,                0.73314,                0.77127,                0.52524,                 0.9336,                0.93066,                0.65196,                0.95663,              0.0058816,              0.0058816,              0.0058816
                    211,                 1.0137,                0.93835,                 1.1178,                 1.2271,                  1.225,                 1.1307,                0.89768,                0.82116,                0.90358,                0.73319,                0.77094,                0.52473,                0.93336,                0.92993,                0.65183,                 0.9561,              0.0058618,              0.0058618,              0.0058618
                    212,                  1.002,                0.93543,                  1.114,                 1.2175,                 1.2167,                 1.1267,                0.89559,                 0.8226,                0.90381,                0.73343,                0.77042,                0.52391,                0.93312,                0.92949,                0.65003,                0.95607,               0.005842,               0.005842,               0.005842
                    213,                 1.0101,                0.92254,                 1.1127,                 1.2257,                 1.2008,                 1.1219,                0.89435,                0.82268,                0.90382,                0.73374,                0.76975,                0.52318,                0.93278,                0.92903,                 0.6487,                0.95537,              0.0058222,              0.0058222,              0.0058222
                    214,                 1.0132,                0.94089,                 1.1178,                 1.2249,                  1.226,                 1.1262,                0.89727,                0.82275,                0.90421,                0.73414,                0.76903,                0.52242,                0.93233,                0.92807,                0.64745,                0.95505,              0.0058024,              0.0058024,              0.0058024
                    215,                 1.0151,                0.93959,                  1.123,                 1.2259,                  1.229,                 1.1326,                0.89421,                 0.8236,                0.90446,                0.73429,                0.76837,                 0.5217,                0.93207,                0.92718,                0.64704,                0.95484,              0.0057826,              0.0057826,              0.0057826
                    216,                 1.0031,                0.92995,                  1.113,                 1.2096,                 1.2173,                 1.1249,                0.89586,                0.82331,                0.90496,                0.73486,                0.76783,                0.52105,                0.93175,                  0.926,                0.64714,                0.95458,              0.0057628,              0.0057628,              0.0057628
                    217,                 1.0044,                0.91898,                 1.1139,                 1.2125,                 1.2068,                 1.1248,                0.89515,                 0.8247,                0.90528,                0.73541,                0.76706,                0.52019,                0.93127,                0.92616,                0.64427,                0.95467,               0.005743,               0.005743,               0.005743
                    218,                0.99621,                0.91516,                 1.1099,                  1.205,                 1.1993,                 1.1213,                0.90105,                0.82188,                0.90538,                0.73578,                0.76646,                0.51946,                0.93089,                0.92504,                0.64484,                0.95388,              0.0057232,              0.0057232,              0.0057232
                    219,                0.99422,                0.92584,                 1.1103,                 1.2032,                 1.2126,                 1.1202,                0.89773,                0.82282,                0.90575,                0.73603,                0.76586,                0.51916,                0.93065,                0.92452,                0.64456,                0.95332,              0.0057034,              0.0057034,              0.0057034
                    220,                 1.0043,                0.92857,                 1.1152,                 1.2068,                 1.2082,                  1.123,                0.90015,                0.82236,                0.90617,                0.73638,                0.76525,                0.51846,                0.93035,                0.92384,                0.64425,                0.95268,              0.0056836,              0.0056836,              0.0056836
                    221,                  1.005,                0.92062,                  1.116,                 1.2109,                 1.2074,                 1.1253,                0.89806,                 0.8254,                0.90642,                0.73684,                0.76454,                0.51788,                0.92996,                0.92279,                0.64314,                0.95223,              0.0056638,              0.0056638,              0.0056638
                    222,                  1.018,                0.93025,                 1.1194,                 1.2186,                 1.2237,                 1.1273,                0.90125,                0.82573,                0.90641,                0.73691,                0.76389,                0.51754,                 0.9296,                0.92219,                0.64244,                0.95199,               0.005644,               0.005644,               0.005644
                    223,                 1.0027,                0.92738,                 1.1138,                 1.2188,                 1.2133,                 1.1292,                0.90103,                0.82666,                0.90677,                0.73733,                0.76331,                0.51712,                0.92923,                0.92161,                0.64127,                0.95136,              0.0056242,              0.0056242,              0.0056242
                    224,                 1.0082,                0.92283,                 1.1143,                 1.2173,                 1.2084,                 1.1228,                0.90349,                0.82284,                0.90683,                0.73776,                0.76272,                0.51672,                0.92886,                0.92075,                0.64038,                0.95064,              0.0056044,              0.0056044,              0.0056044
                    225,                0.99656,                0.91139,                 1.1094,                 1.1999,                 1.1888,                 1.1201,                0.90214,                0.82656,                0.90722,                0.73822,                0.76205,                0.51635,                 0.9285,                0.91985,                0.63904,                0.95042,              0.0055846,              0.0055846,              0.0055846
                    226,                 1.0047,                0.91935,                 1.1107,                 1.2158,                 1.2081,                  1.118,                0.90493,                0.82404,                0.90739,                0.73907,                0.76143,                0.51586,                0.92818,                0.91926,                0.63817,                0.95028,              0.0055648,              0.0055648,              0.0055648
                    227,                0.99203,                0.91224,                 1.1072,                 1.2025,                 1.2033,                 1.1158,                0.90601,                0.82431,                0.90754,                0.73953,                0.76087,                0.51527,                  0.928,                0.91852,                0.63774,                0.94967,               0.005545,               0.005545,               0.005545
                    228,                 1.0005,                 0.9202,                 1.1107,                 1.2136,                 1.2082,                 1.1223,                0.90551,                0.82602,                0.90741,                0.73979,                0.76021,                0.51466,                0.92764,                0.91792,                0.63707,                0.94913,              0.0055252,              0.0055252,              0.0055252
                    229,                0.99503,                0.91495,                 1.1069,                 1.2062,                 1.1936,                  1.116,                0.90654,                0.82633,                0.90757,                 0.7401,                0.75956,                0.51401,                0.92731,                0.91709,                0.63624,                0.94858,              0.0055054,              0.0055054,              0.0055054
                    230,                0.98664,                0.90673,                 1.1082,                 1.1927,                 1.1874,                  1.115,                0.90578,                0.82765,                0.90796,                0.74023,                0.75902,                 0.5135,                0.92691,                0.91671,                0.63566,                0.94848,              0.0054856,              0.0054856,              0.0054856
                    231,                0.99239,                0.90903,                 1.1057,                 1.2038,                 1.1955,                 1.1141,                0.90502,                0.82742,                0.90836,                0.74015,                0.75839,                0.51291,                0.92657,                0.91576,                0.63519,                0.94829,              0.0054658,              0.0054658,              0.0054658
                    232,                 1.0057,                0.91561,                 1.1114,                 1.2098,                 1.1995,                 1.1199,                0.90327,                0.82834,                0.90829,                0.74046,                0.75778,                0.51233,                0.92618,                 0.9147,                0.63615,                 0.9477,               0.005446,               0.005446,               0.005446
                    233,                 0.9958,                0.91864,                 1.1065,                 1.2114,                 1.2001,                 1.1205,                 0.9033,                0.82979,                0.90871,                0.74101,                0.75722,                0.51196,                0.92575,                0.91385,                 0.6357,                0.94759,              0.0054262,              0.0054262,              0.0054262
                    234,                0.99491,                0.90076,                 1.1076,                 1.2049,                  1.188,                 1.1187,                0.90117,                 0.8299,                0.90884,                0.74112,                0.75678,                 0.5115,                 0.9255,                0.91342,                0.63398,                0.94751,              0.0054064,              0.0054064,              0.0054064
                    235,                0.98793,                0.91205,                 1.1068,                 1.1968,                 1.1981,                 1.1184,                0.90125,                0.82962,                 0.9087,                0.74122,                0.75625,                0.51106,                0.92522,                0.91306,                0.63275,                0.94716,              0.0053866,              0.0053866,              0.0053866
                    236,                0.99227,                0.90583,                 1.1049,                 1.2004,                 1.1905,                 1.1184,                 0.9028,                0.82855,                0.90849,                0.74142,                0.75581,                0.51067,                0.92495,                0.91303,                0.63191,                0.94732,              0.0053668,              0.0053668,              0.0053668
                    237,                0.98736,                0.90527,                 1.1077,                 1.1957,                 1.1849,                 1.1188,                0.90157,                0.82955,                0.90843,                0.74171,                0.75529,                 0.5101,                0.92464,                0.91209,                0.63226,                0.94666,               0.005347,               0.005347,               0.005347
                    238,                0.99205,                0.90869,                 1.1072,                 1.1939,                 1.1923,                 1.1192,                0.89957,                0.82825,                0.90867,                0.74186,                0.75476,                0.50972,                0.92436,                0.91137,                0.63204,                0.94664,              0.0053272,              0.0053272,              0.0053272
                    239,                 0.9893,                 0.8972,                 1.1041,                 1.1975,                 1.1764,                  1.114,                0.90095,                0.83035,                0.90909,                0.74253,                0.75446,                0.50928,                0.92411,                0.91124,                0.63055,                0.94652,              0.0053074,              0.0053074,              0.0053074
                    240,                0.98632,                0.89256,                 1.1052,                 1.1878,                 1.1642,                 1.1143,                 0.9008,                 0.8316,                0.90946,                0.74282,                0.75406,                0.50876,                0.92386,                0.91083,                0.62914,                0.94646,              0.0052876,              0.0052876,              0.0052876
                    241,                0.98358,                0.89768,                 1.1054,                 1.1925,                 1.1872,                 1.1171,                0.90155,                 0.8321,                0.90938,                0.74282,                0.75357,                0.50823,                 0.9236,                0.91017,                  0.628,                0.94605,              0.0052678,              0.0052678,              0.0052678
                    242,                0.98206,                0.89983,                 1.1032,                 1.1926,                 1.1896,                 1.1168,                 0.9005,                0.83112,                0.90934,                0.74318,                0.75315,                0.50772,                0.92334,                0.90931,                0.62804,                0.94594,               0.005248,               0.005248,               0.005248
                    243,                0.97855,                0.89911,                  1.102,                 1.1792,                 1.1717,                 1.1134,                0.90002,                0.83288,                0.90952,                0.74361,                0.75273,                0.50723,                0.92318,                0.90856,                0.62759,                0.94558,              0.0052282,              0.0052282,              0.0052282
                    244,                0.98827,                 0.8949,                 1.1063,                 1.1933,                 1.1772,                 1.1184,                0.89983,                0.83176,                0.90961,                0.74401,                0.75224,                0.50677,                0.92292,                0.90811,                0.62654,                0.94547,              0.0052084,              0.0052084,              0.0052084
                    245,                0.98583,                0.90029,                 1.1063,                 1.1931,                 1.1857,                 1.1167,                0.89792,                0.83313,                0.90997,                0.74433,                0.75176,                0.50636,                0.92276,                0.90726,                0.62699,                 0.9445,              0.0051886,              0.0051886,              0.0051886
                    246,                0.99037,                0.88903,                  1.104,                 1.2003,                 1.1729,                 1.1148,                0.89966,                0.83246,                0.90996,                0.74476,                0.75136,                0.50589,                0.92253,                0.90682,                0.62583,                0.94386,              0.0051688,              0.0051688,              0.0051688
                    247,                0.97531,                0.87666,                 1.0959,                 1.1782,                 1.1514,                 1.1072,                 0.8982,                0.83369,                0.91015,                0.74494,                0.75096,                0.50536,                0.92232,                0.90613,                0.62454,                0.94426,               0.005149,               0.005149,               0.005149
                    248,                0.98295,                0.88441,                 1.1019,                 1.1944,                 1.1613,                 1.1122,                 0.8975,                0.83515,                 0.9104,                0.74517,                0.75069,                0.50491,                0.92214,                0.90549,                0.62379,                0.94409,              0.0051292,              0.0051292,              0.0051292
                    249,                0.98561,                0.90203,                 1.1032,                 1.1945,                 1.1898,                 1.1115,                0.89899,                0.83501,                0.91048,                0.74549,                 0.7503,                0.50453,                0.92192,                0.90542,                0.62177,                0.94397,              0.0051094,              0.0051094,              0.0051094
                    250,                0.97317,                0.89191,                 1.1019,                 1.1771,                 1.1673,                 1.1111,                0.89621,                0.83702,                0.91054,                0.74572,                0.74982,                0.50413,                0.92161,                0.90517,                0.62046,                0.94389,              0.0050896,              0.0050896,              0.0050896
                    251,                0.98165,                0.89117,                 1.1013,                  1.181,                 1.1708,                 1.1097,                0.89725,                0.83574,                0.91064,                0.74591,                0.74947,                0.50363,                0.92135,                0.90501,                0.61889,                0.94348,              0.0050698,              0.0050698,              0.0050698
                    252,                0.97258,                0.88068,                 1.0946,                 1.1826,                 1.1574,                 1.1079,                0.89947,                0.83489,                0.91073,                0.74605,                0.74904,                0.50327,                0.92109,                 0.9043,                0.61862,                0.94357,                0.00505,                0.00505,                0.00505
                    253,                 0.9715,                0.87169,                 1.0966,                 1.1736,                 1.1365,                 1.1105,                0.89588,                0.83743,                 0.9108,                0.74628,                0.74864,                0.50281,                0.92089,                0.90353,                0.61781,                0.94302,              0.0050302,              0.0050302,              0.0050302
                    254,                0.98244,                0.87436,                  1.099,                 1.1957,                 1.1481,                 1.1127,                0.89461,                0.83773,                0.91099,                 0.7466,                0.74825,                0.50243,                0.92073,                0.90294,                 0.6177,                0.94283,              0.0050104,              0.0050104,              0.0050104
                    255,                0.97805,                0.87691,                 1.0983,                 1.1807,                 1.1532,                 1.1091,                0.89765,                0.83657,                0.91123,                0.74736,                0.74782,                0.50194,                0.92048,                0.90235,                0.61691,                0.94252,              0.0049906,              0.0049906,              0.0049906
                    256,                 0.9697,                0.87951,                 1.0975,                 1.1749,                 1.1538,                 1.1077,                0.89764,                0.83713,                0.91143,                0.74749,                0.74738,                0.50148,                0.92025,                0.90178,                0.61639,                0.94228,              0.0049708,              0.0049708,              0.0049708
                    257,                0.96972,                0.87709,                 1.0945,                 1.1711,                 1.1515,                  1.109,                0.89857,                0.83645,                0.91151,                0.74754,                0.74695,                0.50105,                0.92007,                 0.9017,                0.61585,                0.94218,               0.004951,               0.004951,               0.004951
                    258,                0.97087,                0.87805,                 1.0954,                 1.1855,                 1.1497,                 1.1075,                0.89947,                0.83671,                0.91171,                0.74771,                0.74659,                0.50051,                0.91988,                0.90102,                0.61508,                  0.942,              0.0049312,              0.0049312,              0.0049312
                    259,                0.96875,                0.86875,                 1.0955,                 1.1678,                 1.1408,                 1.1048,                0.89928,                0.83696,                 0.9121,                  0.748,                 0.7462,                0.50009,                0.91967,                0.90055,                0.61502,                0.94176,              0.0049114,              0.0049114,              0.0049114
                    260,                0.96149,                0.87478,                 1.0974,                 1.1625,                 1.1511,                 1.1083,                0.90129,                0.83543,                0.91241,                0.74821,                 0.7458,                0.49961,                0.91946,                0.90032,                0.61364,                0.94154,              0.0048916,              0.0048916,              0.0048916
                    261,                0.97699,                0.87085,                 1.0952,                 1.1874,                 1.1506,                 1.1094,                0.90072,                0.83703,                0.91259,                0.74877,                 0.7454,                0.49917,                0.91925,                0.89945,                0.61349,                0.94103,              0.0048718,              0.0048718,              0.0048718
                    262,                 0.9731,                0.87122,                  1.097,                 1.1798,                 1.1323,                  1.108,                0.90421,                0.83529,                0.91278,                0.74897,                0.74497,                0.49876,                0.91904,                0.89913,                0.61363,                0.94115,               0.004852,               0.004852,               0.004852
                    263,                0.96772,                0.87241,                 1.0935,                 1.1835,                 1.1457,                 1.1059,                0.90584,                0.83525,                0.91292,                0.74935,                0.74459,                0.49826,                0.91883,                 0.8985,                0.61305,                0.94089,              0.0048322,              0.0048322,              0.0048322
                    264,                0.97259,                0.86572,                 1.0969,                  1.181,                 1.1398,                 1.1052,                0.90293,                0.83816,                0.91311,                0.74969,                0.74414,                0.49769,                0.91857,                0.89808,                0.61174,                0.94045,              0.0048124,              0.0048124,              0.0048124
                    265,                0.96334,                0.86461,                 1.0946,                   1.17,                 1.1315,                 1.1066,                 0.9016,                0.83848,                0.91327,                0.74987,                0.74369,                0.49725,                0.91833,                 0.8979,                0.61083,                0.94063,              0.0047926,              0.0047926,              0.0047926
                    266,                0.97916,                 0.8659,                 1.0939,                 1.1899,                 1.1425,                 1.1062,                0.90258,                0.83931,                0.91339,                0.75003,                0.74327,                0.49678,                 0.9181,                0.89743,                0.61006,                0.94015,              0.0047728,              0.0047728,              0.0047728
                    267,                0.96482,                0.87054,                 1.0897,                 1.1822,                 1.1412,                 1.1049,                0.90562,                0.83788,                0.91364,                0.75056,                0.74277,                0.49628,                0.91779,                0.89692,                0.60933,                0.93976,               0.004753,               0.004753,               0.004753
                    268,                0.96548,                  0.859,                 1.0893,                  1.179,                 1.1325,                 1.1016,                0.90284,                0.83964,                0.91366,                 0.7509,                0.74229,                0.49585,                0.91755,                0.89665,                0.60864,                0.93964,              0.0047332,              0.0047332,              0.0047332
                    269,                 0.9681,                0.87674,                  1.094,                  1.184,                 1.1585,                 1.1052,                0.90219,                 0.8405,                0.91383,                0.75117,                0.74175,                0.49537,                0.91728,                0.89652,                0.60739,                0.93954,              0.0047134,              0.0047134,              0.0047134
                    270,                0.97016,                0.86468,                 1.0922,                   1.18,                 1.1313,                 1.1044,                0.90336,                0.84075,                0.91392,                0.75125,                0.74128,                0.49491,                0.91702,                0.89616,                0.60693,                0.93929,              0.0046936,              0.0046936,              0.0046936
                    271,                0.96192,                0.86385,                 1.0872,                 1.1727,                 1.1375,                 1.0992,                0.90269,                0.84067,                0.91428,                0.75152,                 0.7409,                0.49446,                 0.9168,                0.89552,                0.60663,                0.93902,              0.0046738,              0.0046738,              0.0046738
                    272,                0.97468,                0.86744,                 1.0956,                 1.1817,                 1.1422,                 1.1053,                0.90424,                 0.8403,                0.91445,                0.75205,                0.74048,                0.49403,                0.91653,                0.89552,                0.60594,                0.93903,               0.004654,               0.004654,               0.004654
                    273,                0.96796,                0.86311,                 1.0919,                 1.1689,                  1.129,                 1.1059,                0.90449,                0.83796,                0.91439,                0.75228,                0.74015,                0.49366,                0.91631,                0.89501,                0.60598,                0.93885,              0.0046342,              0.0046342,              0.0046342
                    274,                0.95589,                0.86478,                 1.0893,                 1.1595,                 1.1368,                 1.1055,                0.90259,                0.83919,                0.91433,                0.75221,                0.73973,                0.49324,                0.91608,                0.89453,                0.60573,                0.93879,              0.0046144,              0.0046144,              0.0046144
                    275,                0.96033,                0.86828,                 1.0897,                 1.1702,                  1.146,                 1.1043,                0.90674,                0.83731,                0.91433,                0.75222,                0.73927,                0.49281,                0.91583,                0.89397,                0.60519,                0.93847,              0.0045946,              0.0045946,              0.0045946
                    276,                0.95999,                0.86188,                 1.0904,                 1.1634,                 1.1322,                 1.1016,                 0.9071,                0.83645,                0.91468,                0.75239,                 0.7389,                0.49246,                0.91565,                0.89356,                0.60508,                0.93809,              0.0045748,              0.0045748,              0.0045748
                    277,                0.95886,                0.85507,                 1.0872,                 1.1729,                 1.1282,                 1.1021,                0.90616,                0.83677,                 0.9148,                0.75265,                0.73845,                0.49208,                0.91541,                0.89325,                0.60446,                0.93831,               0.004555,               0.004555,               0.004555
                    278,                0.96149,                0.85391,                 1.0891,                  1.161,                 1.1191,                 1.0984,                0.90349,                 0.8399,                0.91476,                0.75314,                0.73811,                0.49171,                0.91518,                0.89228,                0.60485,                 0.9378,              0.0045352,              0.0045352,              0.0045352
                    279,                0.94881,                0.84036,                 1.0838,                 1.1561,                 1.1122,                 1.0964,                0.90725,                0.83626,                0.91489,                0.75356,                0.73777,                0.49123,                0.91502,                0.89186,                0.60402,                0.93756,              0.0045154,              0.0045154,              0.0045154
                    280,                0.95729,                0.83954,                 1.0851,                 1.1707,                 1.1105,                 1.0977,                0.90899,                0.83471,                0.91503,                 0.7537,                0.73744,                 0.4908,                0.91484,                0.89107,                0.60448,                0.93715,              0.0044956,              0.0044956,              0.0044956
                    281,                0.95566,                 0.8453,                 1.0857,                 1.1641,                 1.1179,                 1.0984,                0.90929,                 0.8354,                0.91498,                0.75364,                0.73703,                0.49043,                 0.9146,                0.89069,                 0.6039,                 0.9368,              0.0044758,              0.0044758,              0.0044758
                    282,                0.96163,                0.85705,                 1.0889,                 1.1689,                   1.13,                 1.1029,                0.90954,                0.83507,                0.91526,                0.75401,                0.73665,                0.49003,                0.91441,                0.89037,                0.60322,                0.93654,               0.004456,               0.004456,               0.004456
                    283,                0.94973,                0.85223,                 1.0841,                 1.1525,                 1.1222,                 1.0957,                0.90933,                0.83437,                0.91528,                0.75401,                0.73632,                0.48952,                0.91423,                0.89007,                 0.6023,                0.93645,              0.0044362,              0.0044362,              0.0044362
                    284,                0.95729,                0.84984,                 1.0865,                  1.168,                  1.113,                 1.0998,                0.90902,                0.83407,                0.91533,                0.75409,                0.73599,                0.48902,                  0.914,                0.88966,                0.60207,                0.93619,              0.0044164,              0.0044164,              0.0044164
                    285,                0.95005,                0.84397,                 1.0845,                 1.1541,                 1.1102,                 1.0986,                0.90513,                0.83749,                0.91545,                0.75425,                0.73564,                0.48864,                0.91382,                0.88915,                0.60169,                0.93594,              0.0043966,              0.0043966,              0.0043966
                    286,                0.95468,                0.84286,                 1.0863,                 1.1587,                 1.1107,                 1.0986,                0.91047,                0.83638,                0.91562,                0.75445,                0.73523,                 0.4883,                0.91359,                0.88865,                0.60145,                0.93577,              0.0043768,              0.0043768,              0.0043768
                    287,                0.94743,                0.84066,                 1.0819,                  1.154,                 1.1086,                 1.0911,                0.91182,                0.83468,                0.91574,                 0.7546,                0.73485,                0.48788,                0.91335,                0.88829,                0.60078,                 0.9355,               0.004357,               0.004357,               0.004357
                    288,                0.94757,                0.83507,                 1.0857,                 1.1508,                  1.099,                 1.0949,                0.91413,                0.83343,                0.91613,                0.75488,                0.73444,                0.48756,                0.91314,                0.88784,                0.59967,                0.93526,              0.0043372,              0.0043372,              0.0043372
                    289,                0.94602,                0.83315,                 1.0809,                 1.1542,                 1.0943,                 1.0914,                0.91174,                0.83634,                0.91642,                0.75534,                0.73406,                0.48721,                 0.9129,                0.88739,                 0.5988,                0.93512,              0.0043174,              0.0043174,              0.0043174
                    290,                0.94707,                0.82702,                 1.0778,                  1.155,                 1.0823,                 1.0905,                0.91432,                0.83448,                0.91667,                0.75557,                0.73367,                0.48673,                0.91266,                0.88683,                0.59846,                0.93475,              0.0042976,              0.0042976,              0.0042976
                    291,                0.94495,                0.83608,                 1.0818,                 1.1539,                 1.0943,                 1.0962,                0.91526,                0.83574,                0.91695,                0.75579,                0.73325,                0.48636,                0.91239,                 0.8863,                0.59815,                0.93436,              0.0042778,              0.0042778,              0.0042778
                    292,                0.94687,                0.83678,                 1.0828,                 1.1465,                 1.0938,                 1.0929,                0.91562,                0.83616,                0.91726,                0.75611,                0.73284,                0.48591,                0.91219,                0.88578,                0.59758,                0.93397,               0.004258,               0.004258,               0.004258
                    293,                0.94698,                0.83339,                 1.0851,                 1.1533,                 1.1021,                 1.0985,                0.91474,                0.83681,                0.91732,                0.75626,                0.73245,                0.48545,                0.91192,                0.88531,                  0.597,                0.93368,              0.0042382,              0.0042382,              0.0042382
                    294,                0.94874,                0.83099,                  1.083,                 1.1594,                 1.0994,                 1.0933,                0.91487,                 0.8366,                0.91767,                0.75665,                0.73207,                0.48502,                0.91175,                0.88476,                0.59652,                0.93331,              0.0042184,              0.0042184,              0.0042184
                    295,                 0.9465,                0.83156,                 1.0832,                 1.1503,                 1.0923,                 1.0947,                0.90783,                0.84093,                0.91787,                0.75684,                0.73168,                0.48468,                0.91157,                0.88512,                0.59432,                0.93341,              0.0041986,              0.0041986,              0.0041986
                    296,                0.94436,                0.83388,                 1.0826,                 1.1549,                 1.1002,                 1.0958,                0.90769,                0.84193,                0.91794,                0.75713,                 0.7313,                0.48422,                0.91141,                 0.8848,                0.59368,                0.93302,              0.0041788,              0.0041788,              0.0041788
                    297,                 0.9469,                0.83628,                 1.0818,                 1.1555,                 1.1028,                 1.0932,                0.90947,                0.84135,                0.91811,                0.75725,                0.73104,                 0.4838,                0.91135,                 0.8843,                0.59304,                0.93286,               0.004159,               0.004159,               0.004159
                    298,                0.94808,                0.83661,                 1.0797,                 1.1589,                 1.1011,                 1.0913,                0.91707,                0.83859,                0.91831,                0.75765,                0.73075,                0.48331,                0.91118,                0.88393,                 0.5921,                0.93269,              0.0041392,              0.0041392,              0.0041392
                    299,                0.95541,                0.83836,                 1.0848,                 1.1632,                 1.0951,                 1.0949,                 0.9175,                0.83883,                0.91855,                0.75777,                0.73036,                0.48297,                0.91096,                0.88373,                 0.5907,                0.93258,              0.0041194,              0.0041194,              0.0041194
                    300,                0.93977,                0.83344,                 1.0788,                 1.1415,                  1.099,                 1.0917,                0.91685,                0.84015,                0.91862,                 0.7579,                0.73017,                 0.4825,                0.91088,                0.88376,                0.58965,                0.93289,              0.0040996,              0.0040996,              0.0040996
                    301,                0.94491,                0.82957,                 1.0833,                 1.1448,                  1.083,                  1.095,                0.91551,                0.84037,                0.91877,                0.75803,                0.72997,                0.48206,                0.91076,                 0.8839,                0.58827,                0.93284,              0.0040798,              0.0040798,              0.0040798
                    302,                 0.9459,                0.83565,                 1.0807,                 1.1484,                 1.1003,                 1.0908,                0.91528,                0.84075,                0.91893,                0.75824,                0.72968,                 0.4817,                0.91061,                0.88314,                0.58791,                0.93227,                0.00406,                0.00406,                0.00406
                    303,                0.94387,                0.83331,                 1.0803,                 1.1419,                 1.0917,                  1.091,                0.91404,                0.84167,                 0.9192,                0.75834,                0.72938,                0.48118,                 0.9104,                0.88299,                 0.5875,                0.93235,              0.0040402,              0.0040402,              0.0040402
                    304,                 0.9388,                0.82052,                 1.0774,                 1.1482,                 1.0843,                 1.0914,                0.91301,                0.84208,                0.91911,                0.75855,                0.72901,                0.48075,                 0.9102,                0.88254,                0.58705,                 0.9321,              0.0040204,              0.0040204,              0.0040204
                    305,                0.93735,                0.82398,                 1.0751,                 1.1383,                 1.0878,                  1.087,                0.91483,                0.84077,                0.91933,                0.75866,                0.72865,                0.48033,                0.90998,                0.88233,                0.58616,                0.93192,              0.0040006,              0.0040006,              0.0040006
                    306,                0.93484,                0.81957,                 1.0754,                  1.141,                 1.0814,                 1.0868,                0.91418,                0.84039,                 0.9194,                0.75882,                0.72827,                0.47986,                0.90978,                0.88189,                 0.5857,                0.93149,              0.0039808,              0.0039808,              0.0039808
                    307,                0.93395,                0.81379,                 1.0735,                 1.1429,                 1.0726,                 1.0855,                0.91394,                0.84026,                0.91957,                0.75903,                 0.7279,                0.47937,                0.90959,                0.88139,                0.58484,                0.93087,               0.003961,               0.003961,               0.003961
                    308,                0.94244,                0.81865,                  1.075,                 1.1535,                 1.0763,                 1.0895,                0.90981,                0.84354,                0.91962,                0.75931,                0.72752,                0.47883,                0.90935,                0.88102,                 0.5844,                0.93064,              0.0039412,              0.0039412,              0.0039412
                    309,                0.93748,                0.81701,                  1.078,                 1.1419,                 1.0764,                  1.091,                0.90915,                0.84427,                0.91966,                0.75947,                0.72713,                0.47848,                0.90913,                0.88115,                0.58335,                0.93069,              0.0039214,              0.0039214,              0.0039214
                    310,                0.94623,                0.82353,                 1.0803,                 1.1559,                 1.0889,                 1.0896,                0.90941,                0.84381,                0.91986,                0.75974,                0.72675,                0.47801,                0.90892,                0.88089,                0.58277,                0.93051,              0.0039016,              0.0039016,              0.0039016
                    311,                0.92553,                0.81849,                 1.0722,                 1.1285,                 1.0713,                 1.0839,                   0.91,                0.84395,                0.92006,                   0.76,                0.72639,                0.47757,                0.90874,                0.88062,                0.58185,                0.93023,              0.0038818,              0.0038818,              0.0038818
                    312,                0.93027,                0.81298,                 1.0755,                 1.1389,                 1.0637,                 1.0882,                0.91094,                0.84401,                 0.9203,                0.76027,                0.72601,                0.47709,                0.90857,                0.88011,                0.58134,                0.93003,               0.003862,               0.003862,               0.003862
                    313,                0.93542,                0.81215,                 1.0749,                 1.1465,                 1.0671,                  1.087,                0.91574,                0.84153,                0.92058,                0.76056,                0.72566,                0.47661,                0.90842,                0.87951,                0.58082,                0.92951,              0.0038422,              0.0038422,              0.0038422
                    314,                0.93881,                0.81935,                 1.0753,                 1.1507,                 1.0848,                  1.087,                0.91794,                0.84009,                0.92068,                0.76081,                0.72532,                0.47612,                0.90822,                0.87933,                0.57986,                0.92936,              0.0038224,              0.0038224,              0.0038224
                    315,                0.92654,                0.80835,                 1.0704,                  1.129,                  1.066,                 1.0813,                0.91615,                0.84193,                0.92051,                0.76098,                0.72507,                0.47553,                0.90808,                0.87894,                0.57938,                0.92925,              0.0038026,              0.0038026,              0.0038026
                    316,                0.93594,                0.81699,                 1.0769,                 1.1452,                 1.0788,                 1.0875,                0.91655,                0.84305,                0.92095,                0.76129,                0.72472,                0.47507,                0.90791,                0.87873,                0.57834,                0.92915,              0.0037828,              0.0037828,              0.0037828
                    317,                0.92371,                0.80914,                  1.071,                 1.1308,                 1.0765,                 1.0837,                0.91841,                0.84197,                0.92113,                0.76147,                0.72432,                 0.4747,                0.90768,                0.87837,                0.57762,                0.92893,               0.003763,               0.003763,               0.003763
                    318,                 0.9281,                 0.8086,                 1.0745,                 1.1355,                 1.0666,                 1.0856,                0.91938,                0.84223,                0.92143,                0.76185,                0.72392,                0.47431,                0.90745,                0.87777,                0.57698,                0.92844,              0.0037432,              0.0037432,              0.0037432
                    319,                0.93008,                0.80937,                 1.0725,                 1.1378,                  1.065,                 1.0859,                0.92011,                0.84251,                0.92161,                0.76206,                0.72353,                0.47388,                0.90725,                0.87706,                0.57672,                0.92815,              0.0037234,              0.0037234,              0.0037234
                    320,                0.93327,                0.80599,                  1.071,                 1.1493,                 1.0652,                 1.0847,                0.92072,                0.84254,                0.92183,                0.76231,                0.72307,                0.47349,                0.90699,                0.87641,                0.57679,                0.92744,              0.0037036,              0.0037036,              0.0037036
                    321,                0.93151,                0.80369,                 1.0709,                 1.1396,                 1.0632,                 1.0828,                0.92143,                0.84263,                0.92196,                0.76245,                0.72273,                0.47302,                 0.9068,                0.87609,                0.57597,                0.92732,              0.0036838,              0.0036838,              0.0036838
                    322,                0.92345,                0.80468,                 1.0711,                 1.1306,                 1.0532,                 1.0862,                0.92233,                0.84318,                0.92218,                0.76276,                0.72239,                0.47256,                0.90658,                0.87561,                0.57561,                0.92715,               0.003664,               0.003664,               0.003664
                    323,                0.92211,                 0.8032,                  1.072,                 1.1249,                 1.0542,                 1.0834,                0.92208,                 0.8436,                0.92241,                0.76304,                0.72201,                0.47225,                0.90636,                0.87517,                0.57525,                0.92694,              0.0036442,              0.0036442,              0.0036442
                    324,                0.91286,                0.79514,                 1.0668,                 1.1182,                 1.0436,                 1.0804,                0.92148,                0.84433,                0.92258,                0.76335,                0.72164,                0.47184,                0.90614,                0.87471,                0.57478,                0.92667,              0.0036244,              0.0036244,              0.0036244
                    325,                0.92656,                0.79154,                 1.0668,                 1.1397,                 1.0489,                 1.0802,                0.92194,                0.84444,                0.92277,                0.76379,                0.72123,                 0.4715,                0.90588,                 0.8745,                0.57414,                 0.9265,              0.0036046,              0.0036046,              0.0036046
                    326,                0.92209,                0.79771,                  1.071,                 1.1274,                 1.0457,                 1.0865,                 0.9207,                0.84548,                0.92291,                0.76406,                0.72083,                0.47106,                0.90566,                0.87425,                0.57348,                0.92635,              0.0035848,              0.0035848,              0.0035848
                    327,                0.91739,                0.78595,                 1.0679,                 1.1243,                 1.0381,                 1.0807,                0.92215,                0.84525,                0.92301,                0.76411,                0.72041,                0.47066,                 0.9054,                0.87377,                0.57302,                0.92615,               0.003565,               0.003565,               0.003565
                    328,                0.91949,                0.79862,                 1.0721,                  1.124,                 1.0555,                 1.0826,                 0.9215,                 0.8451,                0.92309,                0.76436,                0.72004,                0.47025,                0.90518,                0.87336,                0.57236,                0.92603,              0.0035452,              0.0035452,              0.0035452
                    329,                0.92234,                0.80202,                 1.0691,                 1.1233,                 1.0677,                 1.0793,                0.92149,                 0.8443,                0.92318,                0.76464,                0.71959,                 0.4699,                 0.9049,                0.87295,                0.57183,                0.92581,              0.0035254,              0.0035254,              0.0035254
                    330,                 0.9139,                0.78849,                 1.0648,                 1.1187,                 1.0335,                 1.0762,                0.91689,                0.84701,                0.92329,                0.76476,                 0.7193,                0.46952,                0.90475,                0.87242,                0.57179,                0.92545,              0.0035056,              0.0035056,              0.0035056
                    331,                0.91497,                0.78823,                 1.0649,                 1.1162,                 1.0342,                 1.0769,                0.92098,                0.84602,                0.92342,                0.76514,                0.71889,                0.46909,                 0.9045,                0.87178,                0.57165,                0.92513,              0.0034858,              0.0034858,              0.0034858
                    332,                0.91939,                0.79896,                 1.0688,                 1.1322,                 1.0567,                 1.0795,                0.91922,                0.84651,                0.92353,                0.76532,                0.71848,                0.46876,                 0.9043,                0.87187,                0.57038,                0.92505,               0.003466,               0.003466,               0.003466
                    333,                0.90487,                0.79089,                 1.0643,                 1.0988,                 1.0323,                 1.0756,                 0.9242,                0.84396,                0.92364,                0.76565,                0.71819,                0.46836,                0.90409,                 0.8713,                0.56983,                0.92478,              0.0034462,              0.0034462,              0.0034462
                    334,                0.91171,                0.78155,                 1.0639,                 1.1228,                  1.029,                 1.0749,                0.91901,                0.84672,                0.92375,                0.76591,                0.71791,                0.46798,                0.90391,                0.87078,                0.56986,                0.92454,              0.0034264,              0.0034264,              0.0034264
                    335,                0.90806,                0.78589,                  1.059,                 1.1183,                 1.0279,                 1.0695,                0.91901,                0.84661,                0.92379,                0.76613,                0.71754,                0.46753,                 0.9037,                0.87027,                0.56934,                 0.9242,              0.0034066,              0.0034066,              0.0034066
                    336,                0.91081,                0.78855,                 1.0646,                 1.1195,                 1.0437,                 1.0756,                0.91785,                0.84687,                0.92399,                 0.7663,                0.71711,                 0.4671,                0.90346,                 0.8699,                0.56856,                0.92407,              0.0033868,              0.0033868,              0.0033868
                    337,                0.91363,                 0.7861,                 1.0627,                 1.1176,                 1.0294,                  1.074,                0.91795,                0.84602,                0.92411,                0.76646,                0.71674,                0.46675,                0.90323,                0.86939,                 0.5681,                0.92382,               0.003367,               0.003367,               0.003367
                    338,                0.91368,                0.77871,                 1.0656,                 1.1219,                 1.0256,                 1.0795,                0.91702,                0.84656,                0.92427,                 0.7667,                0.71643,                0.46633,                0.90303,                  0.869,                0.56751,                0.92359,              0.0033472,              0.0033472,              0.0033472
                    339,                0.90851,                0.78546,                 1.0636,                 1.1115,                 1.0351,                 1.0744,                0.91713,                0.84751,                0.92439,                0.76689,                0.71602,                 0.4659,                0.90282,                0.86884,                0.56644,                0.92343,              0.0033274,              0.0033274,              0.0033274
                    340,                 0.9047,                0.77794,                 1.0591,                 1.1059,                 1.0366,                 1.0714,                0.91683,                0.84694,                0.92451,                0.76698,                0.71564,                0.46552,                0.90256,                0.86842,                0.56583,                0.92316,              0.0033076,              0.0033076,              0.0033076
                    341,                0.90821,                0.77542,                 1.0624,                 1.1106,                 1.0304,                 1.0753,                0.91561,                0.84854,                0.92456,                0.76722,                0.71522,                0.46507,                0.90233,                 0.8679,                0.56557,                 0.9228,              0.0032878,              0.0032878,              0.0032878
                    342,                 0.9069,                 0.7855,                 1.0592,                 1.1128,                 1.0366,                  1.075,                0.91519,                0.84736,                0.92461,                 0.7675,                 0.7149,                0.46475,                0.90212,                0.86753,                0.56542,                0.92256,               0.003268,               0.003268,               0.003268
                    343,                0.89689,                0.77411,                 1.0578,                 1.0945,                 1.0214,                 1.0678,                 0.9176,                0.84589,                0.92475,                0.76789,                0.71454,                0.46437,                0.90189,                0.86708,                0.56537,                0.92236,              0.0032482,              0.0032482,              0.0032482
                    344,                0.91008,                0.78391,                 1.0612,                 1.1125,                 1.0292,                 1.0725,                0.91711,                0.84695,                0.92496,                0.76818,                0.71418,                  0.464,                0.90166,                0.86674,                0.56439,                0.92215,              0.0032284,              0.0032284,              0.0032284
                    345,                0.90901,                0.77658,                 1.0615,                 1.1164,                 1.0369,                 1.0714,                0.91752,                0.84758,                0.92507,                0.76854,                 0.7138,                 0.4637,                0.90147,                0.86624,                0.56331,                0.92192,              0.0032086,              0.0032086,              0.0032086
                    346,                0.90427,                0.77289,                 1.0596,                 1.1097,                 1.0147,                 1.0735,                0.91944,                0.84594,                0.92521,                0.76882,                0.71342,                0.46334,                0.90129,                0.86601,                0.56242,                0.92173,              0.0031888,              0.0031888,              0.0031888
                    347,                0.90994,                0.78229,                 1.0585,                 1.1222,                 1.0338,                  1.075,                0.92095,                0.84528,                 0.9255,                0.76902,                0.71304,                0.46297,                0.90107,                 0.8656,                0.56189,                0.92154,               0.003169,               0.003169,               0.003169
                    348,                 0.9063,                0.77529,                 1.0625,                 1.1136,                 1.0331,                 1.0756,                0.91735,                0.84799,                0.92556,                0.76916,                0.71271,                 0.4626,                0.90088,                0.86523,                0.56149,                0.92125,              0.0031492,              0.0031492,              0.0031492
                    349,                0.90257,                0.77237,                 1.0619,                 1.1068,                 1.0258,                 1.0754,                0.91652,                0.84819,                0.92561,                0.76934,                 0.7124,                0.46218,                0.90073,                0.86495,                0.56075,                0.92089,              0.0031294,              0.0031294,              0.0031294
                    350,                0.89873,                0.77073,                 1.0597,                 1.1023,                 1.0193,                 1.0723,                0.91712,                0.84758,                0.92568,                0.76938,                  0.712,                0.46182,                0.90052,                0.86464,                 0.5601,                0.92071,              0.0031096,              0.0031096,              0.0031096
                    351,                0.89667,                0.76441,                 1.0559,                 1.1072,                 1.0074,                 1.0688,                0.91779,                0.84779,                0.92578,                0.76941,                 0.7116,                0.46147,                 0.9003,                0.86437,                0.55943,                0.92052,              0.0030898,              0.0030898,              0.0030898
                    352,                0.90843,                0.76484,                 1.0595,                 1.1142,                 1.0143,                 1.0721,                0.91979,                0.84759,                0.92594,                0.76971,                0.71125,                0.46111,                0.90011,                0.86379,                0.55875,                0.92027,                0.00307,                0.00307,                0.00307
                    353,                0.89718,                0.76626,                 1.0579,                 1.1028,                 1.0133,                 1.0683,                0.92501,                 0.8463,                0.92611,                0.76998,                 0.7109,                0.46079,                0.89993,                0.86336,                0.55833,                0.92008,              0.0030502,              0.0030502,              0.0030502
                    354,                0.89654,                0.76268,                 1.0588,                 1.1011,                 1.0078,                 1.0704,                0.92704,                0.84556,                0.92618,                0.77013,                0.71065,                0.46041,                0.89979,                  0.863,                 0.5577,                0.91988,              0.0030304,              0.0030304,              0.0030304
                    355,                0.90587,                0.77338,                 1.0625,                 1.1112,                 1.0243,                 1.0759,                0.92863,                0.84568,                0.92633,                0.77045,                0.71031,                   0.46,                0.89961,                0.86254,                 0.5576,                0.91955,              0.0030106,              0.0030106,              0.0030106
                    356,                0.89657,                0.76743,                 1.0574,                 1.1045,                   1.02,                 1.0713,                0.92841,                0.84568,                0.92652,                 0.7707,                0.70989,                0.45965,                 0.8994,                0.86196,                  0.558,                0.91922,              0.0029908,              0.0029908,              0.0029908
                    357,                0.89487,                0.75774,                 1.0551,                 1.1066,                 1.0034,                 1.0677,                0.92948,                 0.8453,                0.92661,                0.77085,                0.70939,                0.45931,                0.89909,                0.86118,                0.55784,                0.91886,               0.002971,               0.002971,               0.002971
                    358,                0.88983,                0.75759,                 1.0516,                 1.0964,                0.98982,                 1.0624,                 0.9289,                0.84499,                0.92672,                 0.7711,                0.70903,                0.45885,                0.89887,                0.86089,                0.55705,                0.91866,              0.0029512,              0.0029512,              0.0029512
                    359,                0.90374,                0.77667,                 1.0612,                 1.1089,                 1.0245,                 1.0762,                0.92894,                0.84486,                0.92682,                0.77132,                0.70868,                0.45842,                0.89865,                0.86036,                0.55675,                0.91849,              0.0029314,              0.0029314,              0.0029314
                    360,                0.89872,                0.76617,                 1.0544,                 1.1038,                 1.0099,                 1.0679,                 0.9253,                0.84547,                0.92687,                0.77152,                0.70832,                0.45805,                0.89847,                0.85965,                0.55587,                0.91857,              0.0029116,              0.0029116,              0.0029116
                    361,                0.89459,                0.76253,                 1.0546,                 1.0947,                 1.0063,                 1.0669,                0.92692,                0.84577,                0.92703,                 0.7718,                0.70785,                0.45761,                 0.8982,                0.85915,                0.55518,                0.91836,              0.0028918,              0.0028918,              0.0028918
                    362,                0.89772,                0.76111,                  1.056,                 1.1044,                      1,                 1.0702,                0.92754,                0.84593,                 0.9272,                0.77227,                0.70742,                0.45722,                0.89797,                0.85888,                0.55413,                 0.9181,               0.002872,               0.002872,               0.002872
                    363,                0.89277,                0.75421,                 1.0563,                  1.094,                0.99187,                 1.0695,                0.92673,                 0.8468,                0.92733,                0.77252,                0.70698,                0.45683,                0.89773,                0.85846,                0.55332,                0.91801,              0.0028522,              0.0028522,              0.0028522
                    364,                0.88754,                0.76043,                 1.0524,                 1.0972,                 1.0048,                 1.0676,                0.92703,                0.84565,                0.92747,                0.77264,                0.70656,                0.45641,                0.89754,                0.85815,                0.55265,                0.91779,              0.0028324,              0.0028324,              0.0028324
                    365,                 0.8886,                0.75662,                 1.0528,                 1.0918,                 1.0007,                 1.0675,                0.92911,                0.84507,                0.92759,                0.77288,                0.70616,                0.45601,                0.89733,                0.85752,                0.55229,                 0.9175,              0.0028126,              0.0028126,              0.0028126
                    366,                0.89231,                 0.7572,                 1.0515,                 1.1029,                 1.0074,                 1.0644,                0.92783,                0.84653,                0.92781,                0.77312,                0.70573,                0.45565,                0.89711,                0.85757,                0.55131,                0.91776,              0.0027928,              0.0027928,              0.0027928
                    367,                0.88348,                0.75481,                 1.0524,                 1.0892,                0.99363,                 1.0651,                 0.9319,                0.84393,                0.92794,                0.77331,                0.70532,                0.45522,                0.89691,                0.85718,                0.55062,                0.91754,               0.002773,               0.002773,               0.002773
                    368,                0.89236,                0.75221,                 1.0562,                 1.0953,                0.99534,                 1.0682,                0.92771,                0.84708,                0.92796,                0.77341,                0.70491,                0.45479,                0.89669,                0.85674,                0.55068,                0.91725,              0.0027532,              0.0027532,              0.0027532
                    369,                0.89052,                0.74766,                 1.0523,                 1.0934,                0.98424,                 1.0651,                0.92281,                0.84905,                0.92787,                0.77332,                0.70457,                 0.4544,                 0.8965,                0.85651,                0.54979,                0.91707,              0.0027334,              0.0027334,              0.0027334
                    370,                0.88911,                0.74826,                 1.0508,                 1.1011,                0.98839,                 1.0633,                0.92527,                0.84801,                0.92785,                0.77336,                0.70427,                0.45404,                0.89638,                0.85629,                0.54917,                0.91682,              0.0027136,              0.0027136,              0.0027136
                    371,                0.89351,                0.75066,                  1.052,                 1.1011,                0.98964,                 1.0655,                0.92799,                0.84653,                0.92794,                0.77355,                0.70381,                0.45365,                0.89614,                0.85588,                0.54925,                0.91669,              0.0026938,              0.0026938,              0.0026938
                    372,                0.87915,                0.74705,                 1.0441,                 1.0898,                0.99004,                 1.0583,                0.92821,                0.84705,                0.92812,                0.77382,                 0.7034,                0.45326,                 0.8959,                0.85498,                0.54929,                0.91643,               0.002674,               0.002674,               0.002674
                    373,                0.89023,                0.74522,                 1.0519,                 1.0917,                0.98937,                 1.0647,                0.92877,                0.84696,                0.92828,                0.77413,                0.70299,                0.45283,                0.89569,                0.85476,                0.54879,                0.91623,              0.0026542,              0.0026542,              0.0026542
                    374,                0.88483,                0.74347,                 1.0507,                 1.0901,                0.98381,                 1.0636,                0.92833,                0.84837,                0.92854,                0.77454,                0.70263,                 0.4524,                0.89547,                0.85434,                  0.548,                0.91591,              0.0026344,              0.0026344,              0.0026344
                    375,                0.88666,                0.75069,                 1.0497,                 1.0973,                0.98977,                 1.0624,                0.92863,                0.84845,                0.92883,                0.77483,                0.70223,                0.45204,                0.89527,                0.85388,                0.54719,                0.91565,              0.0026146,              0.0026146,              0.0026146
                    376,                0.88504,                0.74771,                 1.0474,                 1.0926,                0.98193,                 1.0618,                0.92789,                0.84884,                0.92904,                0.77505,                0.70184,                0.45165,                0.89503,                0.85331,                0.54647,                0.91514,              0.0025948,              0.0025948,              0.0025948
                    377,                0.88123,                0.74283,                 1.0485,                 1.0875,                0.98672,                 1.0639,                0.92625,                0.85012,                0.92931,                0.77527,                0.70143,                0.45129,                 0.8948,                0.85283,                0.54604,                0.91512,               0.002575,               0.002575,               0.002575
                    378,                0.89152,                0.75174,                 1.0534,                 1.0989,                0.98557,                 1.0659,                0.92895,                0.85014,                0.92948,                0.77576,                0.70103,                0.45093,                 0.8946,                0.85216,                0.54579,                0.91482,              0.0025552,              0.0025552,              0.0025552
                    379,                0.88751,                 0.7445,                  1.048,                 1.0922,                   0.98,                 1.0632,                0.93022,                0.84982,                0.92961,                0.77613,                0.70069,                0.45054,                0.89441,                0.85185,                0.54489,                0.91466,              0.0025354,              0.0025354,              0.0025354
                    380,                0.87582,                0.74217,                 1.0482,                 1.0787,                0.98649,                  1.061,                0.93221,                0.84835,                0.93003,                0.77638,                0.70032,                0.45014,                0.89419,                0.85133,                0.54419,                0.91463,              0.0025156,              0.0025156,              0.0025156
                    381,                0.87196,                0.73417,                  1.042,                 1.0732,                0.96146,                 1.0551,                 0.9286,                 0.8506,                 0.9302,                0.77639,                0.69995,                0.44982,                0.89399,                 0.8509,                0.54357,                0.91448,              0.0024958,              0.0024958,              0.0024958
                    382,                0.87593,                0.73097,                 1.0453,                 1.0814,                0.96842,                 1.0605,                0.93426,                0.84715,                0.93021,                0.77654,                0.69958,                0.44948,                0.89374,                0.85071,                0.54269,                 0.9143,               0.002476,               0.002476,               0.002476
                    383,                0.86208,                0.72712,                 1.0412,                 1.0699,                 0.9597,                 1.0581,                0.92748,                0.85132,                0.93029,                0.77665,                0.69918,                 0.4491,                 0.8935,                0.84992,                  0.542,                0.91374,              0.0024562,              0.0024562,              0.0024562
                    384,                0.87544,                0.73603,                  1.045,                 1.0745,                 0.9726,                 1.0583,                0.92974,                0.85073,                0.93041,                0.77695,                0.69874,                0.44875,                0.89325,                0.84977,                 0.5413,                0.91375,              0.0024364,              0.0024364,              0.0024364
                    385,                0.87623,                0.73473,                 1.0478,                 1.0859,                0.97968,                  1.064,                0.93058,                0.85017,                0.93055,                0.77716,                 0.6983,                0.44839,                0.89302,                0.84901,                0.54063,                0.91299,              0.0024166,              0.0024166,              0.0024166
                    386,                0.87657,                0.73464,                 1.0451,                 1.0819,                 0.9741,                 1.0585,                0.93349,                0.84874,                0.93071,                0.77738,                0.69791,                0.44793,                 0.8928,                0.84879,                0.53944,                0.91282,              0.0023968,              0.0023968,              0.0023968
                    387,                0.87909,                0.74274,                 1.0473,                 1.0877,                0.99135,                 1.0621,                0.93488,                0.84764,                0.93088,                0.77802,                0.69751,                0.44747,                0.89256,                0.84817,                0.53854,                0.91244,               0.002377,               0.002377,               0.002377
                    388,                 0.8763,                0.74311,                 1.0481,                  1.078,                0.98615,                 1.0619,                0.93285,                0.84848,                  0.931,                0.77836,                 0.6971,                0.44711,                0.89236,                0.84761,                0.53818,                0.91221,              0.0023572,              0.0023572,              0.0023572
                    389,                0.87083,                0.72703,                 1.0423,                 1.0716,                0.96266,                 1.0542,                0.93282,                0.84901,                0.93106,                0.77859,                0.69665,                0.44672,                0.89211,                0.84708,                0.53786,                  0.912,              0.0023374,              0.0023374,              0.0023374
                    390,                0.87865,                0.73307,                 1.0448,                 1.0778,                0.96875,                 1.0593,                0.93443,                0.84833,                0.93117,                 0.7789,                0.69624,                0.44633,                0.89186,                 0.8464,                0.53749,                0.91173,              0.0023176,              0.0023176,              0.0023176
                    391,                0.87444,                0.72546,                 1.0452,                 1.0878,                0.97452,                 1.0584,                0.93407,                0.84804,                0.93137,                0.77909,                0.69579,                0.44595,                0.89161,                0.84586,                0.53703,                 0.9114,              0.0022978,              0.0022978,              0.0022978
                    392,                0.87735,                0.73697,                 1.0467,                 1.0745,                0.97381,                 1.0609,                0.93465,                0.84744,                0.93146,                0.77934,                0.69539,                 0.4456,                0.89137,                0.84545,                0.53687,                0.91127,               0.002278,               0.002278,               0.002278
                    393,                0.86786,                0.72068,                  1.039,                 1.0748,                0.95273,                 1.0523,                 0.9351,                0.84725,                0.93157,                0.77952,                0.69495,                0.44518,                0.89115,                0.84494,                0.53611,                0.91111,              0.0022582,              0.0022582,              0.0022582
                    394,                0.87497,                0.72722,                 1.0436,                 1.0776,                0.95166,                 1.0584,                0.93278,                0.84983,                 0.9317,                0.77987,                 0.6945,                0.44474,                0.89091,                0.84484,                0.53478,                0.91133,              0.0022384,              0.0022384,              0.0022384
                    395,                0.86381,                0.72427,                 1.0396,                 1.0786,                0.96628,                 1.0563,                0.93514,                0.84765,                0.93182,                0.77988,                 0.6941,                 0.4444,                0.89071,                0.84425,                0.53432,                0.91087,              0.0022186,              0.0022186,              0.0022186
                    396,                0.87264,                0.72165,                 1.0422,                  1.079,                0.95179,                   1.06,                0.93404,                 0.8487,                0.93191,                0.78011,                 0.6937,                0.44398,                0.89049,                0.84364,                0.53415,                0.91123,              0.0021988,              0.0021988,              0.0021988
                    397,                0.86652,                0.73034,                  1.042,                 1.0701,                0.96509,                 1.0588,                0.93292,                0.84955,                0.93191,                0.78033,                0.69328,                0.44365,                0.89023,                0.84309,                0.53363,                0.91093,               0.002179,               0.002179,               0.002179
                    398,                  0.866,                0.72338,                  1.041,                 1.0709,                0.95283,                  1.056,                0.93393,                0.84946,                0.93202,                0.78058,                0.69283,                0.44325,                   0.89,                0.84257,                0.53314,                0.91074,              0.0021592,              0.0021592,              0.0021592
                    399,                0.86513,                0.71954,                 1.0406,                 1.0653,                0.95077,                 1.0564,                0.93065,                0.85071,                0.93216,                0.78086,                 0.6924,                0.44286,                0.88974,                0.84209,                0.53258,                0.91053,              0.0021394,              0.0021394,              0.0021394
                    400,                0.86116,                0.71688,                  1.039,                  1.057,                0.94609,                 1.0551,                0.93156,                0.85089,                 0.9323,                0.78107,                0.69195,                0.44246,                 0.8895,                0.84169,                0.53204,                0.91039,              0.0021196,              0.0021196,              0.0021196
                    401,                0.86204,                0.71622,                 1.0424,                 1.0644,                0.94933,                 1.0584,                0.92673,                 0.8558,                0.93253,                0.78132,                0.69156,                0.44208,                0.88928,                0.84094,                0.53192,                0.91014,              0.0020998,              0.0020998,              0.0020998
                    402,                0.86376,                0.71871,                 1.0393,                 1.0654,                0.95506,                 1.0545,                0.93215,                0.85353,                0.93267,                 0.7816,                0.69107,                0.44169,                0.88903,                0.84033,                0.53153,                0.90992,                0.00208,                0.00208,                0.00208
                    403,                0.86232,                0.71674,                  1.038,                 1.0671,                0.95222,                 1.0534,                 0.9148,                0.86577,                0.93275,                0.78177,                0.69063,                0.44129,                 0.8888,                0.83977,                 0.5311,                0.90965,              0.0020602,              0.0020602,              0.0020602
                    404,                 0.8611,                0.72186,                 1.0408,                 1.0666,                0.95809,                  1.055,                0.91575,                0.86535,                0.93284,                0.78198,                0.69023,                0.44085,                0.88859,                0.83922,                0.53089,                0.90944,              0.0020404,              0.0020404,              0.0020404
                    405,                0.85549,                0.71128,                 1.0368,                 1.0568,                0.93602,                 1.0491,                0.91995,                0.86103,                0.93298,                0.78226,                 0.6898,                0.44047,                0.88837,                0.83891,                0.52997,                0.90921,              0.0020206,              0.0020206,              0.0020206
                    406,                0.86378,                 0.7146,                 1.0378,                 1.0628,                0.95358,                 1.0515,                0.91983,                 0.8625,                0.93317,                0.78252,                0.68935,                0.44011,                0.88815,                0.83852,                0.52915,                  0.909,              0.0020008,              0.0020008,              0.0020008
                    407,                0.84869,                0.70343,                 1.0341,                 1.0478,                0.92909,                 1.0497,                0.91778,                0.86497,                0.93342,                0.78286,                0.68887,                0.43966,                0.88791,                0.83778,                0.52876,                0.90861,               0.001981,               0.001981,               0.001981
                    408,                0.85664,                0.70869,                  1.036,                 1.0612,                0.94124,                 1.0508,                0.91892,                0.86327,                0.93345,                0.78291,                 0.6884,                0.43922,                0.88767,                0.83752,                0.52781,                0.90841,              0.0019612,              0.0019612,              0.0019612
                    409,                 0.8617,                 0.7147,                 1.0358,                 1.0698,                0.94267,                 1.0478,                 0.9191,                0.86272,                0.93349,                 0.7832,                0.68796,                0.43878,                 0.8874,                0.83684,                0.52757,                0.90817,              0.0019414,              0.0019414,              0.0019414
                    410,                0.85153,                   0.71,                 1.0395,                 1.0476,                0.94356,                  1.054,                0.91719,                0.86302,                0.93365,                0.78359,                0.68756,                0.43834,                 0.8872,                0.83632,                0.52699,                0.90802,              0.0019216,              0.0019216,              0.0019216
                    411,                0.85567,                0.71555,                 1.0414,                 1.0595,                0.95214,                 1.0568,                0.91829,                0.86314,                0.93378,                0.78366,                 0.6871,                0.43795,                0.88696,                 0.8358,                0.52633,                0.90774,              0.0019018,              0.0019018,              0.0019018
                    412,                0.85505,                0.70348,                 1.0339,                 1.0582,                0.93622,                 1.0509,                0.91907,                0.86305,                0.93395,                0.78396,                 0.6867,                0.43764,                0.88679,                0.83544,                 0.5252,                0.90752,               0.001882,               0.001882,               0.001882
                    413,                0.85486,                 0.7044,                 1.0344,                 1.0613,                0.92952,                 1.0486,                0.92534,                0.85935,                0.93409,                0.78424,                0.68622,                0.43726,                0.88658,                0.83516,                0.52409,                0.90736,              0.0018622,              0.0018622,              0.0018622
                    414,                 0.8486,                0.69831,                 1.0311,                 1.0533,                0.92897,                 1.0432,                0.92561,                0.85988,                0.93427,                0.78447,                0.68583,                0.43691,                0.88636,                0.83477,                0.52324,                0.90726,              0.0018424,              0.0018424,              0.0018424
                    415,                0.85198,                0.70119,                 1.0349,                 1.0571,                0.93531,                 1.0477,                0.92728,                0.86074,                0.93453,                0.78472,                0.68541,                0.43654,                0.88614,                0.83434,                0.52214,                0.90702,              0.0018226,              0.0018226,              0.0018226
                    416,                0.85184,                0.71018,                 1.0368,                 1.0536,                  0.939,                 1.0493,                0.93038,                 0.8592,                0.93466,                0.78499,                0.68501,                0.43623,                0.88593,                 0.8338,                0.52186,                 0.9068,              0.0018028,              0.0018028,              0.0018028
                    417,                0.84256,                0.70581,                 1.0312,                 1.0458,                0.93337,                 1.0416,                0.92679,                0.86076,                0.93477,                0.78526,                0.68458,                0.43584,                0.88572,                0.83336,                0.52111,                0.90662,               0.001783,               0.001783,               0.001783
                    418,                0.85693,                0.70105,                 1.0379,                 1.0618,                0.93506,                 1.0525,                0.92622,                0.86138,                0.93484,                0.78566,                0.68422,                0.43536,                0.88554,                0.83283,                0.52039,                0.90639,              0.0017632,              0.0017632,              0.0017632
                    419,                0.84279,                0.70396,                 1.0321,                 1.0397,                 0.9383,                 1.0455,                0.92649,                0.86124,                0.93522,                0.78604,                0.68379,                0.43494,                0.88529,                0.83232,                0.51984,                0.90612,              0.0017434,              0.0017434,              0.0017434
                    420,                0.84194,                0.69819,                 1.0312,                 1.0507,                0.92989,                 1.0472,                0.92882,                0.86092,                0.93537,                0.78615,                0.68335,                0.43451,                 0.8851,                 0.8317,                0.51959,                0.90592,              0.0017236,              0.0017236,              0.0017236
                    421,                 0.8499,                0.69958,                 1.0326,                 1.0481,                0.92466,                 1.0461,                0.92886,                0.86111,                0.93557,                0.78665,                0.68294,                0.43409,                0.88485,                 0.8312,                0.51884,                0.90575,              0.0017038,              0.0017038,              0.0017038
                    422,                0.85286,                0.70172,                  1.036,                 1.0499,                0.93232,                 1.0484,                0.92813,                0.86166,                0.93575,                0.78693,                0.68255,                0.43373,                0.88466,                0.83059,                0.51789,                0.90539,               0.001684,               0.001684,               0.001684
                    423,                0.84547,                0.69067,                 1.0295,                 1.0406,                0.91068,                 1.0426,                0.92689,                0.86288,                0.93594,                0.78711,                0.68214,                0.43345,                0.88447,                0.83026,                0.51684,                0.90524,              0.0016642,              0.0016642,              0.0016642
                    424,                0.85976,                0.69806,                  1.038,                 1.0654,                0.92669,                  1.054,                0.92854,                 0.8633,                0.93612,                0.78733,                0.68176,                0.43302,                0.88429,                0.82979,                0.51614,                0.90493,              0.0016444,              0.0016444,              0.0016444
                    425,                0.84182,                0.69058,                 1.0307,                 1.0344,                0.92275,                 1.0413,                0.92948,                0.86359,                0.93652,                0.78777,                0.68136,                0.43263,                0.88407,                0.82934,                0.51535,                0.90468,              0.0016246,              0.0016246,              0.0016246
                    426,                0.84022,                0.68166,                 1.0286,                 1.0359,                0.89008,                 1.0416,                 0.9305,                0.86344,                0.93668,                0.78811,                0.68098,                0.43228,                 0.8839,                 0.8287,                0.51496,                0.90445,              0.0016048,              0.0016048,              0.0016048
                    427,                0.83755,                0.68739,                  1.028,                 1.0418,                0.90867,                 1.0434,                0.93122,                0.86359,                0.93681,                0.78819,                0.68056,                0.43189,                0.88369,                0.82818,                0.51446,                0.90433,               0.001585,               0.001585,               0.001585
                    428,                0.84601,                0.69442,                 1.0338,                 1.0518,                0.92548,                 1.0465,                0.93033,                0.86383,                0.93687,                0.78859,                0.68016,                0.43153,                0.88351,                0.82776,                0.51367,                0.90412,              0.0015652,              0.0015652,              0.0015652
                    429,                0.82953,                0.68338,                 1.0259,                 1.0225,                0.90603,                 1.0394,                0.93053,                0.86413,                0.93707,                0.78884,                0.67973,                0.43123,                 0.8833,                0.82738,                0.51298,                 0.9039,              0.0015454,              0.0015454,              0.0015454
                    430,                0.82806,                 0.6743,                 1.0226,                 1.0331,                0.89564,                 1.0379,                 0.9309,                0.86404,                0.93724,                0.78918,                0.67934,                0.43094,                 0.8831,                0.82676,                0.51274,                0.90366,              0.0015256,              0.0015256,              0.0015256
                    431,                0.84832,                0.69387,                 1.0303,                 1.0631,                0.93118,                 1.0445,                0.93106,                0.86347,                0.93736,                0.78955,                  0.679,                0.43061,                0.88292,                0.82641,                0.51225,                 0.9031,              0.0015058,              0.0015058,              0.0015058
                    432,                0.83494,                0.68923,                  1.027,                 1.0374,                0.91664,                 1.0406,                0.92758,                0.86556,                0.93748,                0.78981,                0.67861,                0.43029,                 0.8827,                0.82592,                0.51178,                 0.9029,               0.001486,               0.001486,               0.001486
                    433,                0.83608,                0.69031,                 1.0285,                 1.0387,                0.91523,                 1.0428,                0.93113,                0.86419,                0.93766,                0.78995,                0.67827,                0.42996,                0.88255,                0.82548,                0.51133,                0.90274,              0.0014662,              0.0014662,              0.0014662
                    434,                0.83193,                0.67985,                 1.0255,                 1.0281,                0.89586,                 1.0392,                0.92542,                0.86826,                0.93782,                0.79019,                0.67786,                0.42962,                0.88231,                0.82476,                 0.5109,                0.90239,              0.0014464,              0.0014464,              0.0014464
                    435,                0.83511,                0.69001,                 1.0318,                 1.0375,                0.91587,                 1.0433,                0.92355,                0.87027,                0.93801,                0.79048,                 0.6775,                0.42925,                0.88212,                0.82418,                0.51052,                0.90216,              0.0014266,              0.0014266,              0.0014266
                    436,                0.84065,                0.68519,                 1.0269,                 1.0433,                0.91133,                 1.0411,                 0.9232,                0.87151,                0.93819,                0.79067,                0.67712,                0.42896,                0.88192,                0.82347,                0.51028,                0.90167,              0.0014068,              0.0014068,              0.0014068
                    437,                0.83115,                0.67632,                 1.0219,                 1.0377,                0.90043,                 1.0392,                0.92279,                0.87253,                0.93834,                0.79088,                0.67675,                0.42859,                 0.8817,                0.82308,                0.50953,                0.90147,               0.001387,               0.001387,               0.001387
                    438,                0.82895,                0.67906,                 1.0239,                 1.0314,                0.89934,                  1.038,                0.92278,                0.87277,                0.93868,                0.79107,                0.67633,                0.42823,                0.88147,                0.82255,                0.50912,                0.90127,              0.0013672,              0.0013672,              0.0013672
                    439,                0.82667,                0.67247,                 1.0209,                 1.0231,                0.88498,                 1.0354,                0.92405,                0.87175,                0.93885,                0.79142,                0.67594,                0.42787,                0.88127,                0.82232,                0.50814,                0.90113,              0.0013474,              0.0013474,              0.0013474
                    440,                0.82614,                0.67427,                 1.0212,                  1.023,                0.88799,                 1.0351,                0.92566,                0.87147,                0.93904,                0.79164,                0.67557,                0.42752,                0.88106,                  0.822,                 0.5072,                0.90091,              0.0013276,              0.0013276,              0.0013276
                    441,                0.82569,                0.67609,                  1.024,                 1.0216,                0.89471,                 1.0355,                0.92486,                0.87355,                0.93921,                0.79192,                0.67517,                0.42722,                0.88086,                0.82145,                0.50673,                0.90056,              0.0013078,              0.0013078,              0.0013078
                    442,                0.83215,                0.67662,                 1.0255,                  1.034,                0.89597,                  1.038,                  0.925,                 0.8735,                0.93932,                0.79206,                0.67478,                 0.4269,                0.88064,                0.82093,                0.50645,                0.90024,               0.001288,               0.001288,               0.001288
                    443,                0.83421,                0.67739,                 1.0236,                  1.037,                0.89435,                 1.0399,                0.92507,                0.87301,                 0.9394,                0.79232,                0.67431,                0.42655,                0.88039,                0.82037,                0.50588,                0.90007,              0.0012682,              0.0012682,              0.0012682
                    444,                0.82848,                0.67391,                  1.025,                 1.0299,                0.89989,                 1.0384,                0.92514,                0.87329,                0.93973,                0.79254,                0.67392,                0.42617,                 0.8802,                0.82031,                0.50452,                0.89996,              0.0012484,              0.0012484,              0.0012484
                    445,                 0.8239,                0.67456,                 1.0212,                 1.0246,                0.89113,                 1.0364,                0.92566,                 0.8729,                0.93995,                0.79292,                0.67346,                0.42582,                0.87998,                0.81977,                0.50373,                 0.8997,              0.0012286,              0.0012286,              0.0012286
                    446,                 0.8206,                0.67183,                 1.0216,                 1.0228,                0.89634,                 1.0349,                 0.9249,                0.87329,                0.94005,                0.79312,                 0.6731,                0.42547,                0.87982,                0.81923,                  0.503,                 0.8995,              0.0012088,              0.0012088,              0.0012088
                    447,                0.82721,                0.67244,                 1.0273,                 1.0272,                0.89465,                 1.0407,                 0.9218,                0.87655,                 0.9402,                0.79362,                0.67266,                0.42518,                0.87961,                0.81872,                0.50235,                0.89927,               0.001189,               0.001189,               0.001189
                    448,                0.82321,                0.67106,                  1.018,                  1.024,                0.88927,                 1.0324,                0.92201,                0.87676,                0.94032,                0.79388,                0.67224,                0.42486,                0.87936,                0.81844,                0.50208,                0.89901,              0.0011692,              0.0011692,              0.0011692
                    449,                0.82198,                0.66058,                 1.0208,                 1.0183,                0.87313,                 1.0341,                0.92112,                0.87664,                0.94044,                0.79425,                0.67186,                0.42451,                0.87918,                0.81788,                0.50161,                 0.8988,              0.0011494,              0.0011494,              0.0011494
                    450,                0.81859,                  0.668,                  1.018,                 1.0167,                0.88264,                 1.0314,                0.92263,                0.87506,                0.94051,                0.79445,                0.67149,                0.42416,                0.87901,                0.81736,                0.50091,                 0.8986,              0.0011296,              0.0011296,              0.0011296
                    451,                0.83074,                0.66834,                 1.0206,                 1.0354,                0.88595,                 1.0349,                0.92245,                0.87609,                0.94058,                0.79472,                0.67107,                0.42383,                0.87879,                0.81699,                0.50066,                0.89862,              0.0011098,              0.0011098,              0.0011098
                    452,                0.82393,                0.67126,                 1.0205,                 1.0285,                0.88657,                 1.0368,                0.92481,                0.87569,                0.94074,                0.79473,                0.67067,                0.42357,                0.87859,                0.81658,                0.50008,                0.89837,                0.00109,                0.00109,                0.00109
                    453,                 0.8191,                0.66363,                  1.017,                 1.0243,                0.89179,                 1.0317,                0.92715,                0.87378,                0.94088,                0.79489,                0.67025,                0.42324,                0.87837,                0.81603,                0.49975,                0.89817,              0.0010702,              0.0010702,              0.0010702
                    454,                0.81441,                0.66169,                 1.0187,                 1.0236,                0.87694,                 1.0327,                0.92772,                0.87305,                0.94097,                0.79508,                0.66987,                0.42291,                0.87823,                0.81571,                0.49897,                0.89808,              0.0010504,              0.0010504,              0.0010504
                    455,                0.81141,                0.66058,                 1.0189,                  1.009,                0.87691,                  1.033,                0.92802,                0.87293,                0.94105,                0.79524,                0.66947,                0.42262,                  0.878,                0.81511,                0.49867,                0.89785,              0.0010306,              0.0010306,              0.0010306
                    456,                0.81685,                0.66342,                 1.0163,                 1.0232,                0.87154,                 1.0296,                0.92771,                0.87344,                0.94116,                 0.7954,                0.66906,                0.42228,                0.87778,                0.81457,                0.49801,                0.89755,              0.0010108,              0.0010108,              0.0010108
                    457,                0.80718,                0.65692,                  1.018,                 1.0108,                 0.8713,                 1.0323,                0.92733,                0.87313,                0.94126,                0.79548,                 0.6686,                0.42193,                0.87755,                0.81416,                0.49742,                0.89722,               0.000991,               0.000991,               0.000991
                    458,                0.81748,                0.66402,                 1.0162,                 1.0216,                0.87991,                 1.0304,                0.92874,                0.87232,                0.94135,                0.79569,                0.66823,                0.42158,                0.87735,                0.81364,                0.49696,                  0.897,              0.0009712,              0.0009712,              0.0009712
                    459,                0.80854,                0.66257,                 1.0141,                 1.0076,                0.87594,                 1.0288,                0.92879,                0.87226,                0.94147,                0.79584,                 0.6678,                0.42127,                0.87713,                0.81334,                0.49626,                0.89675,              0.0009514,              0.0009514,              0.0009514
                    460,                0.81088,                0.65475,                 1.0152,                 1.0087,                0.87322,                 1.0297,                0.92971,                0.87199,                0.94154,                0.79613,                0.66743,                0.42091,                0.87693,                0.81293,                0.49562,                0.89665,              0.0009316,              0.0009316,              0.0009316
                    461,                 0.8154,                 0.6602,                  1.018,                 1.0158,                0.87849,                  1.033,                  0.931,                 0.8722,                0.94166,                0.79634,                0.66703,                0.42057,                0.87671,                 0.8126,                0.49482,                0.89634,              0.0009118,              0.0009118,              0.0009118
                    462,                0.80708,                0.65374,                 1.0143,                0.99888,                0.86865,                 1.0283,                0.93062,                0.87267,                0.94174,                0.79648,                0.66665,                0.42028,                0.87651,                0.81218,                0.49433,                0.89622,               0.000892,               0.000892,               0.000892
                    463,                0.81565,                0.65599,                 1.0154,                 1.0197,                0.87771,                 1.0316,                0.93029,                0.87402,                0.94184,                 0.7966,                0.66623,                0.41991,                0.87631,                0.81176,                0.49382,                0.89603,              0.0008722,              0.0008722,              0.0008722
                    464,                0.80611,                0.64817,                 1.0107,                 1.0119,                0.86064,                 1.0268,                0.93145,                 0.8715,                0.94197,                0.79692,                0.66579,                 0.4196,                 0.8761,                 0.8113,                0.49328,                0.89573,              0.0008524,              0.0008524,              0.0008524
                    465,                0.80972,                0.65466,                 1.0148,                 1.0133,                0.86484,                 1.0292,                0.93597,                0.87006,                0.94207,                0.79723,                0.66538,                0.41929,                 0.8759,                0.81079,                0.49261,                0.89541,              0.0008326,              0.0008326,              0.0008326
                    466,                0.80989,                0.65137,                 1.0131,                 1.0112,                0.86585,                 1.0275,                0.93498,                0.87172,                0.94242,                0.79761,                0.66493,                0.41897,                0.87568,                0.80999,                 0.4927,                0.89507,              0.0008128,              0.0008128,              0.0008128
                    467,                0.80871,                0.64789,                 1.0157,                  1.001,                 0.8576,                 1.0304,                0.93516,                0.87117,                0.94259,                 0.7979,                0.66455,                0.41856,                0.87552,                0.80941,                0.49146,                0.89481,               0.000793,               0.000793,               0.000793
                    468,                0.80712,                0.65352,                 1.0114,                 1.0096,                0.86817,                 1.0253,                0.93466,                0.87266,                0.94274,                0.79822,                 0.6641,                0.41826,                0.87531,                0.80901,                0.49071,                0.89453,              0.0007732,              0.0007732,              0.0007732
                    469,                0.79804,                0.65134,                 1.0104,                 0.9971,                0.86706,                 1.0264,                 0.9355,                0.87229,                0.94285,                0.79851,                0.66365,                 0.4179,                0.87507,                0.80835,                0.49045,                0.89421,              0.0007534,              0.0007534,              0.0007534
                    470,                0.80602,                 0.6469,                 1.0124,                 1.0064,                0.86487,                 1.0268,                0.93767,                0.87077,                0.94298,                0.79871,                0.66325,                0.41757,                0.87485,                0.80801,                0.48973,                0.89416,              0.0007336,              0.0007336,              0.0007336
                    471,                0.80065,                 0.6466,                 1.0125,                0.99797,                0.84804,                 1.0277,                0.93645,                0.87233,                0.94307,                0.79893,                0.66282,                0.41726,                 0.8746,                0.80777,                0.48921,                0.89399,              0.0007138,              0.0007138,              0.0007138
                    472,                 0.8032,                0.64835,                 1.0124,                0.99527,                0.86895,                 1.0242,                0.93683,                0.87249,                0.94323,                0.79903,                0.66249,                  0.417,                0.87447,                0.80741,                 0.4886,                0.89387,               0.000694,               0.000694,               0.000694
                    473,                0.80417,                0.64384,                  1.014,                 1.0021,                0.85734,                 1.0252,                  0.936,                0.87174,                0.94326,                0.79926,                0.66213,                0.41667,                0.87428,                0.80685,                0.48852,                0.89364,              0.0006742,              0.0006742,              0.0006742
                    474,                0.79958,                0.64422,                 1.0116,                0.99823,                0.85743,                 1.0274,                0.93804,                0.87139,                0.94341,                0.79943,                0.66171,                0.41636,                0.87409,                0.80647,                0.48788,                 0.8934,              0.0006544,              0.0006544,              0.0006544
                    475,                0.80185,                0.64534,                 1.0135,                  1.001,                0.86544,                  1.028,                0.93506,                0.87257,                0.94359,                0.79957,                0.66132,                0.41605,                0.87387,                0.80592,                0.48747,                0.89331,              0.0006346,              0.0006346,              0.0006346
                    476,                0.80082,                0.64473,                 1.0125,                 1.0022,                0.85653,                  1.027,                0.93532,                0.87304,                0.94373,                0.79986,                0.66086,                0.41571,                0.87358,                 0.8056,                0.48661,                0.89316,              0.0006148,              0.0006148,              0.0006148
                    477,                0.79565,                0.63796,                 1.0101,                0.99106,                0.84624,                 1.0258,                0.93534,                0.87268,                0.94361,                0.79993,                0.66047,                0.41539,                0.87338,                0.80493,                0.48655,                0.89292,               0.000595,               0.000595,               0.000595
                    478,                0.79884,                0.64255,                 1.0128,                0.99799,                0.86003,                 1.0254,                0.93636,                0.87228,                0.94371,                 0.8001,                0.66009,                0.41507,                0.87317,                0.80441,                0.48612,                0.89265,              0.0005752,              0.0005752,              0.0005752
                    479,                0.80023,                0.64264,                   1.01,                 1.0058,                0.86008,                 1.0231,                0.93692,                0.87283,                0.94389,                0.80035,                 0.6597,                0.41476,                0.87297,                0.80392,                0.48562,                0.89246,              0.0005554,              0.0005554,              0.0005554
                    480,                0.79292,                0.64206,                 1.0115,                0.99257,                0.85654,                 1.0242,                0.93783,                0.87322,                0.94403,                0.80067,                0.65934,                0.41442,                0.87275,                0.80343,                0.48506,                 0.8921,              0.0005356,              0.0005356,              0.0005356
                    481,                0.80291,                0.64522,                 1.0114,                 1.0063,                0.86122,                 1.0252,                0.93734,                0.87421,                 0.9442,                0.80086,                0.65899,                0.41406,                0.87259,                0.80321,                0.48401,                0.89195,              0.0005158,              0.0005158,              0.0005158
                    482,                0.79219,                0.63202,                 1.0096,                0.98727,                0.84174,                 1.0236,                0.93868,                0.87443,                0.94437,                0.80094,                0.65862,                0.41379,                0.87242,                0.80291,                0.48317,                0.89181,               0.000496,               0.000496,               0.000496
                    483,                0.80202,                 0.6496,                   1.01,                 1.0032,                0.86563,                 1.0239,                0.93912,                0.87479,                0.94453,                0.80104,                0.65824,                0.41352,                 0.8722,                0.80263,                0.48225,                 0.8917,              0.0004762,              0.0004762,              0.0004762
                    484,                0.79789,                0.63753,                 1.0122,                0.99484,                0.84419,                 1.0265,                0.93974,                0.87455,                0.94464,                0.80122,                0.65789,                 0.4132,                0.87205,                0.80216,                0.48168,                0.89151,              0.0004564,              0.0004564,              0.0004564
                    485,                0.79432,                0.63233,                 1.0078,                0.99241,                0.83837,                 1.0238,                0.93903,                0.87502,                0.94476,                0.80137,                0.65754,                0.41284,                0.87187,                0.80171,                0.48121,                0.89132,              0.0004366,              0.0004366,              0.0004366
                    486,                0.79287,                0.63056,                 1.0087,                0.98921,                0.83796,                 1.0226,                0.93835,                0.87555,                0.94503,                0.80148,                0.65715,                0.41255,                0.87168,                0.80135,                 0.4806,                 0.8912,              0.0004168,              0.0004168,              0.0004168
                    487,                0.79527,                0.63557,                 1.0094,                 0.9971,                0.84411,                 1.0244,                 0.9386,                0.87664,                0.94519,                0.80185,                0.65677,                0.41225,                0.87151,                0.80099,                0.47993,                  0.891,               0.000397,               0.000397,               0.000397
                    488,                0.78982,                0.63621,                 1.0088,                0.98694,                0.84724,                  1.022,                0.93914,                0.87641,                0.94531,                0.80198,                0.65639,                0.41194,                0.87134,                0.80067,                0.47918,                0.89075,              0.0003772,              0.0003772,              0.0003772
                    489,                 0.7958,                0.62786,                 1.0067,                0.99322,                0.83354,                 1.0194,                0.93952,                0.87702,                0.94539,                0.80224,                0.65601,                0.41163,                0.87116,                0.80051,                0.47821,                0.89063,              0.0003574,              0.0003574,              0.0003574
                    490,                 0.7866,                 0.6316,                  1.011,                0.97974,                0.84408,                 1.0251,                0.93925,                0.87664,                0.94547,                0.80235,                0.65574,                 0.4114,                0.87105,                    0.8,                0.47789,                0.89045,              0.0003376,              0.0003376,              0.0003376
                    491,                0.72852,                0.51781,                0.94855,                0.90399,                0.61372,                  0.967,                0.93872,                0.87833,                0.94558,                0.80264,                0.65537,                0.41118,                0.87086,                0.79961,                0.47746,                0.89027,              0.0003178,              0.0003178,              0.0003178
                    492,                0.69189,                0.46237,                 0.9273,                0.87297,                0.54829,                0.94465,                0.93913,                0.87848,                0.94604,                0.80282,                0.65502,                 0.4109,                0.87069,                0.79953,                0.47633,                0.89017,               0.000298,               0.000298,               0.000298
                    493,                0.68869,                0.45466,                0.92955,                0.85791,                0.53562,                0.94538,                0.93943,                0.87961,                 0.9462,                0.80298,                0.65463,                0.41063,                0.87049,                0.79914,                0.47556,                0.89007,              0.0002782,              0.0002782,              0.0002782
                    494,                0.67808,                0.44903,                0.92627,                0.84967,                0.53028,                0.94446,                0.93997,                0.88063,                0.94632,                0.80305,                0.65422,                0.41036,                0.87027,                0.79906,                0.47453,                0.89004,              0.0002584,              0.0002584,              0.0002584
                    495,                0.67854,                0.44643,                0.92156,                0.84859,                0.53018,                0.93752,                0.94098,                 0.8809,                 0.9465,                 0.8032,                0.65381,                0.41002,                0.87006,                0.79857,                0.47414,                0.88983,              0.0002386,              0.0002386,              0.0002386
                    496,                0.66872,                0.43676,                0.92364,                0.83344,                0.51954,                0.93973,                0.94176,                 0.8806,                0.94658,                0.80352,                 0.6533,                 0.4098,                0.86979,                0.79812,                0.47368,                0.88966,              0.0002188,              0.0002188,              0.0002188
                    497,                0.66686,                0.43482,                0.91798,                0.83407,                0.50951,                0.93519,                0.94155,                  0.881,                0.94672,                0.80371,                0.65288,                 0.4095,                0.86956,                0.79755,                0.47349,                0.88953,               0.000199,               0.000199,               0.000199
                    498,                0.66759,                0.43741,                0.91925,                0.83629,                0.51912,                0.93692,                 0.9421,                0.88099,                 0.9468,                0.80385,                0.65245,                0.40921,                0.86935,                0.79724,                0.47292,                0.88934,              0.0001792,              0.0001792,              0.0001792
                    499,                0.66571,                0.43489,                0.91754,                0.83094,                0.51602,                 0.9348,                0.94309,                0.87994,                 0.9469,                0.80391,                0.65198,                0.40906,                0.86909,                0.79667,                0.47245,                0.88901,              0.0001594,              0.0001594,              0.0001594
                    500,                0.66585,                0.43394,                0.92009,                0.83542,                0.50824,                0.93839,                0.94292,                0.88019,                  0.947,                0.80411,                0.65157,                0.40877,                0.86888,                0.79611,                0.47244,                0.88877,              0.0001396,              0.0001396,              0.0001396
