                  epoch,           train/box_om,           train/cls_om,           train/dfl_om,           train/box_oo,           train/cls_oo,           train/dfl_oo,   metrics/precision(B),      metrics/recall(B),       metrics/mAP50(B),    metrics/mAP50-95(B),             val/box_om,             val/cls_om,             val/dfl_om,             val/box_oo,             val/cls_oo,             val/dfl_oo,                 lr/pg0,                 lr/pg1,                 lr/pg2
                      1,                   1.35,                 3.8492,                 1.3137,                 1.3382,                 4.0865,                 1.2136,                0.57401,                0.13617,                0.12119,                0.07543,                 1.3701,                 2.7332,                  1.271,                 1.2974,                 3.5056,                 1.1546,              0.0033307,              0.0033307,              0.0033307
                      2,                 1.5671,                 3.1033,                  1.458,                 1.5205,                 3.4756,                 1.2997,                 0.2491,                0.23245,                0.12769,                0.07147,                  1.594,                 2.8209,                 1.4569,                 1.5183,                 4.0106,                 1.2973,              0.0066508,              0.0066508,              0.0066508
                      3,                 1.7143,                 2.9726,                 1.5917,                 1.6654,                 3.5249,                 1.3955,                0.25434,                0.16735,                0.09734,                0.04764,                 1.8164,                 2.9691,                 1.7087,                 1.7441,                 3.7545,                 1.4597,              0.0099578,              0.0099578,              0.0099578
                      4,                 1.7858,                 2.9026,                 1.6676,                  1.765,                 3.5619,                 1.4549,                0.18817,                0.17953,                0.09322,                0.04478,                 1.7947,                 3.0086,                 1.6533,                 1.7436,                 3.6877,                 1.4482,              0.0099406,              0.0099406,              0.0099406
                      5,                 1.7214,                 2.7842,                 1.6222,                  1.756,                 3.4238,                 1.4411,                0.28765,                0.19772,                0.11168,                0.05565,                 1.7356,                 2.9748,                 1.6068,                 1.7096,                 3.5213,                 1.4338,              0.0099406,              0.0099406,              0.0099406
                      6,                 1.6711,                 2.6548,                 1.5837,                 1.7065,                 3.2475,                  1.424,                0.20623,                0.20732,                0.12454,                0.06626,                  1.647,                  2.537,                 1.5475,                 1.6256,                 3.1284,                 1.3845,              0.0099208,              0.0099208,              0.0099208
                      7,                  1.633,                 2.5914,                 1.5619,                 1.6898,                 3.1443,                 1.4104,                0.32596,                0.21436,                 0.1377,                 0.0731,                  1.624,                 2.5246,                 1.5319,                 1.6274,                  2.987,                 1.4034,               0.009901,               0.009901,               0.009901
                      8,                 1.5954,                 2.5034,                 1.5322,                 1.6477,                 3.0159,                 1.3937,                0.25682,                0.24274,                0.15639,                0.08496,                 1.5797,                 2.3486,                 1.5012,                 1.6005,                 2.8375,                 1.3577,              0.0098812,              0.0098812,              0.0098812
                      9,                  1.565,                 2.4545,                 1.5201,                 1.6318,                 2.9471,                 1.3955,                0.32699,                 0.2595,                0.18232,                0.10058,                 1.5539,                 2.3948,                 1.4975,                  1.575,                 2.7837,                 1.3688,              0.0098614,              0.0098614,              0.0098614
                     10,                 1.5399,                 2.4295,                 1.5035,                   1.62,                 2.8875,                 1.3921,                0.26978,                0.28434,                0.19239,                0.10563,                  1.535,                 2.2904,                 1.4556,                 1.5926,                 2.6912,                 1.3598,              0.0098416,              0.0098416,              0.0098416
                     11,                 1.5374,                 2.3711,                 1.4953,                 1.6283,                 2.8192,                 1.3879,                0.30706,                0.27948,                0.20148,                0.11422,                 1.5403,                 2.2066,                 1.4839,                 1.5724,                 2.5421,                 1.3837,              0.0098218,              0.0098218,              0.0098218
                     12,                 1.5106,                 2.3114,                 1.4826,                 1.5982,                 2.7529,                 1.3834,                0.27569,                0.29418,                0.20334,                0.11424,                 1.4922,                 2.1827,                 1.4592,                 1.5352,                 2.5624,                 1.3619,               0.009802,               0.009802,               0.009802
                     13,                 1.4951,                 2.2768,                  1.472,                 1.5928,                 2.7058,                 1.3795,                0.29039,                0.31723,                0.23603,                0.13433,                 1.4953,                 2.1173,                 1.4476,                 1.5308,                 2.4437,                 1.3555,              0.0097822,              0.0097822,              0.0097822
                     14,                 1.4812,                 2.2391,                 1.4619,                 1.5828,                 2.6474,                 1.3738,                0.30134,                0.30867,                0.23555,                0.13342,                 1.4789,                 2.0581,                 1.4354,                 1.5324,                 2.3829,                 1.3479,              0.0097624,              0.0097624,              0.0097624
                     15,                 1.4754,                 2.2075,                 1.4635,                  1.583,                 2.6074,                  1.382,                0.32805,                0.32343,                0.24543,                0.13968,                 1.4522,                  2.038,                 1.4211,                 1.5182,                 2.3553,                 1.3492,              0.0097426,              0.0097426,              0.0097426
                     16,                 1.4795,                 2.1843,                 1.4574,                 1.5924,                 2.5825,                 1.3814,                0.33147,                0.33112,                0.26191,                0.15337,                 1.4712,                 2.0452,                 1.4432,                 1.5473,                 2.3141,                  1.372,              0.0097228,              0.0097228,              0.0097228
                     17,                 1.4499,                 2.1658,                 1.4488,                 1.5633,                 2.5431,                 1.3693,                0.30851,                0.32275,                0.26198,                0.15482,                 1.4699,                 2.0332,                 1.4299,                 1.5387,                 2.3062,                 1.3596,               0.009703,               0.009703,               0.009703
                     18,                 1.4558,                 2.1491,                 1.4477,                 1.5788,                  2.538,                 1.3646,                0.33982,                 0.3657,                  0.291,                0.17115,                 1.4412,                 1.9914,                 1.4058,                 1.5177,                 2.2575,                 1.3427,              0.0096832,              0.0096832,              0.0096832
                     19,                 1.4448,                 2.1205,                 1.4428,                 1.5565,                 2.5078,                 1.3654,                0.33954,                0.34384,                0.28518,                0.16965,                  1.418,                 2.0019,                 1.4066,                 1.4926,                 2.3618,                 1.3462,              0.0096634,              0.0096634,              0.0096634
                     20,                 1.4376,                 2.0835,                 1.4383,                 1.5486,                 2.4738,                 1.3635,                0.37101,                0.35526,                0.31145,                0.18431,                 1.4033,                 1.9065,                 1.3943,                 1.4843,                 2.2128,                 1.3315,              0.0096436,              0.0096436,              0.0096436
                     21,                 1.4244,                 2.0642,                 1.4295,                 1.5401,                 2.4449,                 1.3577,                0.36175,                0.34724,                0.29593,                0.17453,                 1.4097,                  1.939,                 1.4076,                 1.4922,                 2.1599,                 1.3488,              0.0096238,              0.0096238,              0.0096238
                     22,                 1.4039,                 2.0192,                  1.411,                 1.5307,                 2.3934,                 1.3412,                 0.3703,                0.35381,                0.31167,                0.18487,                 1.3933,                 1.8859,                 1.3986,                 1.4967,                 2.1484,                 1.3446,               0.009604,               0.009604,               0.009604
                     23,                 1.4126,                 2.0154,                 1.4114,                 1.5419,                 2.3837,                 1.3482,                0.38759,                0.38296,                0.32972,                0.19787,                 1.3963,                 1.8797,                 1.3735,                 1.4686,                 2.1273,                 1.3232,              0.0095842,              0.0095842,              0.0095842
                     24,                 1.4124,                 1.9864,                 1.4098,                 1.5322,                 2.3581,                 1.3489,                0.40937,                0.37938,                0.34547,                0.20842,                 1.3598,                 1.8189,                 1.3658,                 1.4596,                 2.0823,                 1.3292,              0.0095644,              0.0095644,              0.0095644
                     25,                 1.4065,                  1.974,                 1.4035,                 1.5365,                 2.3507,                 1.3516,                0.42857,                0.37408,                0.34394,                0.20787,                 1.3559,                 1.8175,                 1.3682,                 1.4551,                 2.0579,                 1.3237,              0.0095446,              0.0095446,              0.0095446
                     26,                 1.3874,                 1.9718,                  1.407,                 1.5221,                 2.3435,                 1.3532,                0.41319,                 0.3751,                0.34031,                0.20628,                 1.3834,                 1.8087,                 1.3808,                 1.4844,                 2.0606,                 1.3352,              0.0095248,              0.0095248,              0.0095248
                     27,                 1.3885,                 1.9319,                 1.4003,                 1.5228,                 2.3054,                  1.346,                0.41288,                0.38766,                0.34875,                0.21229,                 1.3633,                 1.7505,                 1.3613,                 1.4728,                 2.0152,                 1.3303,               0.009505,               0.009505,               0.009505
                     28,                 1.3763,                 1.9249,                 1.3939,                 1.5048,                  2.284,                 1.3458,                0.45134,                0.38055,                0.34794,                0.20479,                 1.3794,                 1.7122,                 1.3789,                 1.4835,                 2.0063,                 1.3472,              0.0094852,              0.0094852,              0.0094852
                     29,                 1.3849,                 1.9154,                 1.3978,                 1.5197,                 2.2926,                 1.3414,                0.43205,                0.39801,                0.35926,                0.21249,                 1.3727,                 1.8221,                 1.3803,                 1.4748,                 2.0637,                 1.3368,              0.0094654,              0.0094654,              0.0094654
                     30,                 1.3722,                 1.8994,                 1.3846,                  1.501,                 2.2696,                 1.3276,                0.42412,                 0.4111,                0.37959,                0.22996,                 1.3575,                 1.6943,                 1.3652,                  1.464,                 1.9723,                 1.3318,              0.0094456,              0.0094456,              0.0094456
                     31,                 1.3752,                 1.8974,                 1.3923,                 1.5132,                 2.2514,                   1.34,                  0.457,                0.40112,                0.37877,                0.22969,                 1.3588,                 1.6687,                 1.3599,                 1.4681,                 1.9601,                 1.3254,              0.0094258,              0.0094258,              0.0094258
                     32,                 1.3554,                 1.8602,                 1.3766,                 1.4923,                 2.2248,                 1.3302,                0.41742,                0.41058,                0.36041,                0.22038,                 1.3505,                  1.689,                 1.3589,                 1.4561,                 2.0244,                 1.3175,               0.009406,               0.009406,               0.009406
                     33,                 1.3648,                 1.8616,                 1.3839,                   1.49,                 2.2186,                 1.3325,                 0.4865,                0.40426,                0.39481,                0.24229,                 1.3399,                 1.5985,                 1.3436,                 1.4388,                 1.8997,                 1.3059,              0.0093862,              0.0093862,              0.0093862
                     34,                 1.3652,                  1.848,                 1.3815,                 1.4945,                 2.2066,                 1.3356,                0.44407,                0.42362,                0.38891,                0.23712,                 1.3388,                 1.6485,                 1.3397,                 1.4483,                 1.9735,                 1.3132,              0.0093664,              0.0093664,              0.0093664
                     35,                 1.3459,                 1.8264,                 1.3714,                 1.4778,                 2.1774,                 1.3258,                0.45842,                0.42433,                0.38543,                0.23055,                 1.3356,                 1.6258,                  1.337,                 1.4494,                 1.9394,                 1.3087,              0.0093466,              0.0093466,              0.0093466
                     36,                 1.3543,                 1.8409,                 1.3691,                 1.4835,                 2.2031,                 1.3226,                0.44344,                0.41409,                0.38909,                0.24003,                 1.3325,                 1.5902,                 1.3384,                 1.4336,                 1.8872,                 1.3041,              0.0093268,              0.0093268,              0.0093268
                     37,                 1.3437,                 1.8106,                 1.3679,                 1.4752,                 2.1719,                 1.3231,                0.46819,                0.41399,                0.39101,                0.24158,                 1.3378,                 1.5876,                 1.3433,                 1.4388,                 1.9041,                 1.3031,               0.009307,               0.009307,               0.009307
                     38,                 1.3481,                 1.7968,                 1.3682,                 1.4775,                 2.1612,                 1.3193,                0.44799,                0.42669,                0.40044,                0.24625,                 1.3259,                    1.6,                 1.3432,                 1.4323,                 1.8951,                 1.3007,              0.0092872,              0.0092872,              0.0092872
                     39,                 1.3369,                 1.7971,                 1.3683,                 1.4697,                 2.1453,                 1.3253,                0.47223,                0.43345,                0.41545,                0.25636,                 1.3214,                 1.5615,                 1.3396,                 1.4284,                 1.8485,                 1.3035,              0.0092674,              0.0092674,              0.0092674
                     40,                 1.3354,                 1.7968,                 1.3599,                 1.4625,                 2.1536,                 1.3169,                0.48613,                0.43399,                0.42362,                0.26278,                 1.2965,                 1.5327,                  1.314,                 1.4055,                 1.8346,                 1.2898,              0.0092476,              0.0092476,              0.0092476
                     41,                 1.3355,                 1.7596,                 1.3564,                 1.4694,                 2.1153,                 1.3109,                0.49266,                0.43698,                0.42697,                0.26579,                 1.3105,                 1.5342,                 1.3223,                 1.4074,                 1.8407,                 1.2826,              0.0092278,              0.0092278,              0.0092278
                     42,                 1.3217,                 1.7602,                 1.3472,                   1.47,                 2.1158,                 1.3074,                0.46876,                 0.4399,                0.41757,                0.25689,                 1.3186,                 1.5352,                 1.3208,                 1.4222,                 1.8249,                 1.2901,               0.009208,               0.009208,               0.009208
                     43,                  1.317,                  1.761,                 1.3486,                 1.4597,                  2.113,                 1.3068,                0.48087,                0.43789,                0.41996,                 0.2598,                 1.3053,                  1.528,                 1.3187,                 1.4246,                 1.8451,                 1.2903,              0.0091882,              0.0091882,              0.0091882
                     44,                 1.3155,                 1.7479,                 1.3499,                 1.4592,                 2.1076,                 1.3113,                0.47415,                 0.4377,                0.41745,                0.25627,                 1.3228,                 1.5393,                 1.3274,                 1.4291,                 1.8343,                 1.3027,              0.0091684,              0.0091684,              0.0091684
                     45,                 1.3165,                 1.7489,                 1.3492,                 1.4564,                 2.1157,                 1.3096,                0.51546,                0.43614,                0.44219,                 0.2737,                 1.3016,                 1.5048,                 1.3252,                 1.4185,                 1.7802,                 1.2934,              0.0091486,              0.0091486,              0.0091486
                     46,                 1.3177,                 1.7356,                 1.3544,                 1.4584,                 2.1061,                 1.3122,                0.47973,                0.45633,                0.43185,                 0.2717,                 1.2986,                 1.5108,                 1.3173,                 1.3909,                 1.8018,                 1.2865,              0.0091288,              0.0091288,              0.0091288
                     47,                 1.3118,                 1.7235,                 1.3489,                 1.4565,                 2.0788,                  1.308,                 0.5197,                0.44768,                 0.4429,                0.27363,                 1.2996,                 1.4798,                  1.316,                 1.4138,                 1.7692,                 1.2889,               0.009109,               0.009109,               0.009109
                     48,                 1.3115,                 1.7094,                 1.3442,                 1.4588,                 2.0608,                  1.308,                 0.4979,                0.44601,                 0.4399,                0.27471,                 1.2836,                 1.4517,                 1.3061,                 1.3914,                 1.7642,                 1.2766,              0.0090892,              0.0090892,              0.0090892
                     49,                 1.3099,                 1.6921,                 1.3444,                 1.4616,                 2.0579,                  1.311,                0.50093,                0.45526,                 0.4501,                0.28284,                 1.2813,                 1.4792,                 1.2979,                 1.3955,                 1.7462,                 1.2789,              0.0090694,              0.0090694,              0.0090694
                     50,                 1.3098,                 1.7064,                  1.347,                 1.4577,                 2.0555,                 1.3141,                0.48207,                0.44269,                0.42206,                0.26643,                 1.2879,                 1.4873,                 1.3123,                 1.3992,                 1.7971,                 1.2855,              0.0090496,              0.0090496,              0.0090496
                     51,                 1.2989,                 1.6959,                 1.3397,                 1.4429,                 2.0454,                 1.3026,                0.51874,                0.45517,                0.45091,                0.27919,                 1.2892,                 1.4551,                  1.297,                 1.4076,                 1.7459,                  1.275,              0.0090298,              0.0090298,              0.0090298
                     52,                 1.3034,                 1.6857,                 1.3404,                 1.4453,                 2.0385,                  1.299,                0.50689,                0.46367,                0.45296,                  0.286,                  1.273,                 1.4465,                 1.3017,                 1.3905,                 1.7349,                  1.277,                0.00901,                0.00901,                0.00901
                     53,                  1.299,                 1.6754,                 1.3396,                 1.4384,                 2.0259,                 1.3049,                0.52399,                0.45855,                0.46224,                0.28873,                 1.2848,                 1.4362,                 1.3005,                 1.3989,                 1.7229,                 1.2737,              0.0089902,              0.0089902,              0.0089902
                     54,                 1.2857,                 1.6769,                 1.3335,                 1.4283,                  2.033,                 1.3023,                 0.5316,                0.45565,                0.46768,                0.29631,                 1.2688,                 1.4078,                 1.2925,                 1.3777,                 1.7067,                 1.2733,              0.0089704,              0.0089704,              0.0089704
                     55,                 1.2906,                 1.6596,                 1.3302,                 1.4326,                 2.0185,                 1.2951,                0.51082,                 0.4603,                0.45696,                0.28808,                 1.2814,                 1.4158,                 1.3021,                 1.3919,                 1.7235,                  1.278,              0.0089506,              0.0089506,              0.0089506
                     56,                 1.2757,                 1.6477,                 1.3291,                 1.4163,                 2.0013,                 1.2913,                 0.5221,                0.46576,                 0.4702,                0.29704,                 1.2631,                 1.3896,                 1.2951,                 1.3789,                  1.687,                 1.2712,              0.0089308,              0.0089308,              0.0089308
                     57,                 1.2871,                 1.6564,                 1.3323,                 1.4362,                 2.0139,                 1.2981,                0.53295,                0.45722,                0.46886,                0.29534,                 1.2726,                 1.4064,                 1.2925,                 1.3868,                 1.6959,                 1.2724,               0.008911,               0.008911,               0.008911
                     58,                 1.2788,                 1.6496,                 1.3268,                 1.4222,                 2.0025,                 1.2932,                0.54047,                0.45571,                0.46571,                0.28779,                 1.2684,                  1.413,                 1.2953,                 1.3835,                 1.7047,                 1.2752,              0.0088912,              0.0088912,              0.0088912
                     59,                 1.2887,                  1.652,                 1.3285,                 1.4308,                 2.0071,                 1.2969,                0.54245,                0.46416,                 0.4738,                0.29929,                 1.2663,                 1.3779,                 1.2922,                 1.3733,                 1.6679,                 1.2718,              0.0088714,              0.0088714,              0.0088714
                     60,                 1.2728,                 1.6256,                   1.32,                 1.4295,                 1.9833,                 1.2909,                0.52442,                0.47204,                0.47138,                0.29939,                 1.2599,                 1.3859,                 1.2898,                 1.3702,                 1.6775,                 1.2716,              0.0088516,              0.0088516,              0.0088516
                     61,                 1.2817,                 1.6514,                 1.3288,                 1.4282,                 1.9992,                  1.298,                0.54623,                0.47368,                0.47807,                 0.3027,                 1.2584,                 1.3818,                 1.2905,                 1.3752,                 1.6648,                 1.2722,              0.0088318,              0.0088318,              0.0088318
                     62,                 1.2788,                 1.6422,                 1.3275,                 1.4206,                 1.9967,                 1.2931,                0.52582,                 0.4727,                0.47438,                0.30325,                 1.2601,                 1.3667,                 1.2864,                 1.3656,                  1.666,                 1.2637,               0.008812,               0.008812,               0.008812
                     63,                 1.2739,                 1.6181,                  1.322,                 1.4234,                 1.9636,                 1.2958,                0.53109,                0.48351,                0.48409,                0.31178,                 1.2537,                 1.3821,                 1.2919,                 1.3595,                 1.6649,                 1.2697,              0.0087922,              0.0087922,              0.0087922
                     64,                 1.2749,                 1.5991,                 1.3284,                 1.4241,                 1.9432,                 1.2991,                0.55312,                0.47735,                0.49278,                0.31441,                  1.255,                 1.3545,                 1.2872,                 1.3691,                 1.6437,                 1.2711,              0.0087724,              0.0087724,              0.0087724
                     65,                 1.2666,                 1.6098,                 1.3197,                 1.4209,                 1.9579,                 1.2931,                0.54501,                0.48166,                0.48659,                0.30929,                 1.2568,                  1.365,                 1.2934,                 1.3684,                 1.6437,                  1.273,              0.0087526,              0.0087526,              0.0087526
                     66,                 1.2559,                 1.5724,                 1.3126,                 1.4111,                 1.9195,                 1.2838,                0.54217,                0.48216,                0.49769,                0.31584,                 1.2473,                 1.3421,                 1.2845,                 1.3596,                 1.6426,                 1.2654,              0.0087328,              0.0087328,              0.0087328
                     67,                 1.2724,                 1.5998,                 1.3194,                 1.4277,                 1.9365,                 1.2918,                0.56051,                  0.488,                0.50341,                0.32089,                 1.2496,                 1.3353,                 1.2793,                 1.3743,                 1.6195,                 1.2662,               0.008713,               0.008713,               0.008713
                     68,                 1.2653,                 1.5912,                  1.317,                 1.4199,                 1.9354,                 1.2888,                0.55175,                0.49736,                0.50427,                0.31916,                 1.2404,                  1.352,                 1.2746,                 1.3716,                  1.616,                 1.2687,              0.0086932,              0.0086932,              0.0086932
                     69,                 1.2595,                 1.5743,                 1.3066,                 1.4152,                 1.9148,                  1.284,                0.55261,                0.50072,                0.50573,                0.31998,                 1.2464,                 1.3382,                 1.2793,                 1.3653,                 1.6281,                 1.2656,              0.0086734,              0.0086734,              0.0086734
                     70,                 1.2607,                 1.5732,                 1.3064,                 1.4104,                 1.9162,                 1.2764,                  0.561,                0.48815,                0.50152,                0.31917,                 1.2475,                 1.3416,                 1.2783,                 1.3669,                 1.6334,                 1.2654,              0.0086536,              0.0086536,              0.0086536
                     71,                 1.2611,                 1.5609,                 1.3033,                 1.4173,                 1.9071,                 1.2762,                0.56226,                0.49095,                0.50363,                0.32068,                 1.2458,                 1.3378,                 1.2784,                 1.3661,                 1.6209,                 1.2638,              0.0086338,              0.0086338,              0.0086338
                     72,                 1.2599,                 1.5638,                 1.3129,                 1.4127,                  1.908,                 1.2819,                0.56518,                0.48191,                0.50523,                0.32401,                 1.2393,                 1.3235,                 1.2782,                 1.3519,                 1.6097,                 1.2606,               0.008614,               0.008614,               0.008614
                     73,                 1.2535,                 1.5496,                 1.3069,                 1.4098,                 1.8972,                 1.2777,                0.55218,                0.49702,                 0.5015,                0.31896,                   1.24,                 1.3142,                 1.2735,                 1.3587,                 1.6016,                 1.2596,              0.0085942,              0.0085942,              0.0085942
                     74,                  1.244,                 1.5556,                 1.3043,                 1.3997,                 1.8902,                 1.2785,                0.58327,                0.49014,                0.51401,                0.33217,                 1.2293,                 1.2979,                 1.2684,                 1.3576,                  1.578,                  1.255,              0.0085744,              0.0085744,              0.0085744
                     75,                 1.2594,                 1.5435,                 1.3042,                 1.4114,                 1.8893,                 1.2808,                0.54974,                0.50756,                 0.4992,                  0.322,                 1.2281,                 1.3031,                 1.2602,                 1.3556,                 1.5808,                 1.2535,              0.0085546,              0.0085546,              0.0085546
                     76,                 1.2494,                 1.5439,                 1.2991,                 1.3974,                 1.8959,                 1.2689,                0.56005,                0.50696,                0.51731,                0.33102,                 1.2312,                  1.292,                 1.2644,                 1.3534,                 1.5585,                 1.2655,              0.0085348,              0.0085348,              0.0085348
                     77,                 1.2467,                 1.5494,                 1.2999,                 1.3945,                 1.8988,                 1.2714,                0.55769,                0.51383,                0.52338,                0.33439,                 1.2265,                 1.2819,                 1.2632,                  1.345,                 1.5656,                 1.2537,               0.008515,               0.008515,               0.008515
                     78,                 1.2429,                 1.5408,                 1.3032,                 1.3935,                 1.8785,                 1.2774,                0.56906,                0.51148,                0.52282,                0.33677,                 1.2259,                 1.2778,                 1.2732,                 1.3443,                 1.5658,                 1.2582,              0.0084952,              0.0084952,              0.0084952
                     79,                 1.2397,                 1.5322,                 1.2932,                 1.3896,                 1.8983,                 1.2697,                0.58587,                0.49509,                0.52056,                0.33648,                 1.2248,                 1.2756,                 1.2606,                 1.3385,                 1.5603,                 1.2458,              0.0084754,              0.0084754,              0.0084754
                     80,                 1.2511,                 1.5311,                 1.3002,                 1.4095,                 1.8813,                 1.2752,                0.59079,                0.50226,                0.52947,                0.33929,                 1.2313,                 1.2815,                 1.2629,                 1.3475,                 1.5542,                 1.2502,              0.0084556,              0.0084556,              0.0084556
                     81,                 1.2479,                 1.5172,                 1.3004,                 1.4022,                 1.8649,                 1.2799,                0.58298,                0.51552,                0.53102,                0.34364,                 1.2194,                 1.2642,                 1.2607,                 1.3371,                 1.5399,                 1.2472,              0.0084358,              0.0084358,              0.0084358
                     82,                 1.2365,                 1.5211,                 1.2958,                 1.3861,                 1.8558,                 1.2718,                 0.5809,                0.51389,                0.52958,                0.34205,                 1.2187,                 1.2707,                  1.262,                 1.3395,                 1.5473,                 1.2536,               0.008416,               0.008416,               0.008416
                     83,                 1.2331,                 1.5062,                 1.2897,                 1.3851,                 1.8483,                 1.2661,                0.58656,                0.51686,                0.53558,                0.34593,                  1.215,                 1.2612,                 1.2577,                 1.3357,                  1.544,                 1.2462,              0.0083962,              0.0083962,              0.0083962
                     84,                 1.2322,                  1.518,                  1.292,                 1.3791,                 1.8554,                 1.2715,                 0.5951,                0.50904,                0.53188,                0.34388,                 1.2193,                 1.2593,                 1.2595,                 1.3416,                 1.5411,                 1.2479,              0.0083764,              0.0083764,              0.0083764
                     85,                 1.2413,                 1.5283,                 1.2948,                  1.396,                 1.8817,                 1.2751,                0.59774,                0.50383,                0.53323,                 0.3437,                  1.221,                 1.2738,                 1.2575,                 1.3438,                 1.5487,                   1.25,              0.0083566,              0.0083566,              0.0083566
                     86,                 1.2452,                 1.5126,                 1.2977,                 1.3938,                  1.858,                 1.2748,                0.59477,                0.51986,                0.53583,                 0.3465,                 1.2242,                 1.2623,                 1.2647,                 1.3351,                 1.5551,                 1.2469,              0.0083368,              0.0083368,              0.0083368
                     87,                 1.2424,                 1.4984,                 1.2976,                 1.3916,                 1.8475,                  1.276,                0.59992,                0.50866,                0.54016,                 0.3501,                 1.2184,                 1.2534,                 1.2606,                 1.3411,                 1.5338,                  1.251,               0.008317,               0.008317,               0.008317
                     88,                 1.2265,                 1.4931,                 1.2875,                 1.3918,                  1.837,                 1.2689,                0.61098,                0.50099,                0.53764,                0.34988,                  1.211,                 1.2497,                 1.2559,                 1.3381,                 1.5264,                 1.2499,              0.0082972,              0.0082972,              0.0082972
                     89,                 1.2457,                 1.5041,                 1.2954,                 1.4017,                 1.8526,                 1.2751,                0.58926,                0.51064,                 0.5272,                0.34286,                 1.2121,                 1.2669,                 1.2487,                 1.3388,                 1.5366,                 1.2448,              0.0082774,              0.0082774,              0.0082774
                     90,                 1.2296,                 1.4858,                 1.2875,                  1.398,                 1.8371,                 1.2701,                0.59506,                0.51706,                0.53925,                 0.3515,                 1.2138,                  1.251,                 1.2504,                 1.3322,                 1.5367,                 1.2435,              0.0082576,              0.0082576,              0.0082576
                     91,                 1.2264,                 1.4872,                 1.2916,                 1.3732,                 1.8365,                 1.2676,                0.59923,                0.51899,                0.54338,                0.35399,                 1.2121,                 1.2376,                 1.2533,                 1.3347,                 1.5228,                 1.2404,              0.0082378,              0.0082378,              0.0082378
                     92,                 1.2296,                 1.4685,                  1.286,                 1.3901,                 1.8238,                 1.2665,                0.59004,                0.52357,                  0.542,                0.35613,                 1.2035,                 1.2408,                 1.2474,                 1.3293,                 1.5169,                 1.2398,               0.008218,               0.008218,               0.008218
                     93,                 1.2358,                  1.481,                 1.2908,                 1.3928,                 1.8272,                 1.2704,                0.62087,                0.51275,                0.55406,                0.36321,                 1.2051,                 1.2304,                 1.2422,                 1.3298,                 1.5068,                 1.2411,              0.0081982,              0.0081982,              0.0081982
                     94,                 1.2233,                 1.4697,                 1.2762,                 1.3828,                 1.8183,                 1.2562,                0.59391,                0.52905,                0.54726,                0.35788,                 1.2003,                 1.2258,                   1.24,                 1.3262,                 1.5077,                 1.2367,              0.0081784,              0.0081784,              0.0081784
                     95,                 1.2236,                 1.4867,                 1.2891,                 1.3775,                 1.8451,                 1.2654,                 0.6166,                0.51454,                0.54743,                0.36174,                 1.2007,                 1.2318,                 1.2414,                 1.3212,                 1.5141,                 1.2359,              0.0081586,              0.0081586,              0.0081586
                     96,                 1.2292,                  1.473,                 1.2904,                 1.3852,                 1.8171,                 1.2716,                0.60906,                0.52187,                0.54806,                0.36009,                 1.1995,                  1.228,                 1.2391,                 1.3208,                 1.5135,                 1.2311,              0.0081388,              0.0081388,              0.0081388
                     97,                 1.2237,                 1.4741,                 1.2869,                  1.386,                 1.8104,                 1.2679,                0.59866,                0.52267,                0.54452,                0.35716,                  1.201,                 1.2364,                 1.2399,                  1.326,                  1.515,                 1.2346,               0.008119,               0.008119,               0.008119
                     98,                 1.2149,                 1.4786,                 1.2827,                 1.3714,                 1.8217,                 1.2628,                0.60555,                0.52946,                0.55092,                0.36222,                 1.1998,                 1.2256,                 1.2433,                 1.3217,                 1.5072,                 1.2352,              0.0080992,              0.0080992,              0.0080992
                     99,                 1.2083,                 1.4532,                 1.2757,                 1.3663,                 1.8008,                   1.26,                 0.6067,                0.52376,                0.54741,                0.35709,                 1.1946,                 1.2241,                  1.236,                 1.3203,                  1.523,                 1.2334,              0.0080794,              0.0080794,              0.0080794
                    100,                 1.2222,                  1.459,                 1.2852,                 1.3795,                 1.7979,                 1.2676,                0.60754,                0.51507,                0.54884,                0.35818,                  1.199,                 1.2257,                 1.2421,                 1.3239,                 1.5042,                 1.2376,              0.0080596,              0.0080596,              0.0080596
                    101,                 1.2224,                 1.4586,                 1.2829,                 1.3771,                 1.7986,                 1.2655,                0.61503,                0.51516,                0.54824,                0.35783,                  1.199,                 1.2209,                 1.2371,                 1.3269,                 1.5015,                 1.2316,              0.0080398,              0.0080398,              0.0080398
                    102,                 1.2175,                 1.4401,                 1.2809,                 1.3813,                 1.7921,                  1.262,                0.60889,                0.53037,                0.55003,                0.35863,                 1.1943,                 1.2115,                 1.2405,                  1.319,                 1.4986,                 1.2339,                0.00802,                0.00802,                0.00802
                    103,                 1.2077,                 1.4451,                 1.2751,                 1.3736,                 1.8011,                 1.2564,                0.61604,                0.52899,                0.55396,                0.36316,                 1.1943,                 1.2098,                 1.2408,                 1.3215,                   1.49,                 1.2358,              0.0080002,              0.0080002,              0.0080002
                    104,                 1.2188,                 1.4503,                 1.2826,                 1.3724,                 1.8023,                 1.2576,                0.61398,                0.52963,                0.55776,                0.36691,                 1.1949,                 1.2044,                 1.2392,                 1.3177,                 1.4861,                 1.2319,              0.0079804,              0.0079804,              0.0079804
                    105,                 1.2167,                 1.4433,                 1.2817,                 1.3724,                 1.7861,                 1.2571,                0.62554,                0.53443,                0.56599,                0.37127,                 1.1937,                 1.2032,                  1.241,                 1.3126,                 1.4831,                 1.2277,              0.0079606,              0.0079606,              0.0079606
                    106,                 1.2071,                 1.4459,                 1.2758,                 1.3643,                 1.7888,                 1.2565,                0.63228,                0.52378,                0.56111,                0.36992,                 1.1843,                 1.1973,                 1.2318,                 1.3137,                 1.4807,                 1.2306,              0.0079408,              0.0079408,              0.0079408
                    107,                 1.2015,                  1.426,                 1.2731,                 1.3637,                 1.7621,                  1.253,                0.62927,                0.52139,                0.56366,                 0.3725,                 1.1845,                 1.1927,                 1.2314,                 1.3126,                  1.472,                 1.2281,               0.007921,               0.007921,               0.007921
                    108,                 1.2037,                 1.4323,                 1.2708,                 1.3646,                 1.7709,                 1.2507,                0.63451,                0.52642,                0.56724,                0.37371,                 1.1828,                 1.1908,                 1.2299,                 1.3131,                 1.4686,                 1.2263,              0.0079012,              0.0079012,              0.0079012
                    109,                  1.205,                  1.416,                 1.2685,                  1.373,                 1.7486,                  1.253,                0.61595,                 0.5324,                0.56653,                0.37319,                 1.1796,                 1.1882,                 1.2258,                 1.3123,                 1.4733,                 1.2224,              0.0078814,              0.0078814,              0.0078814
                    110,                 1.2101,                 1.4431,                 1.2749,                 1.3692,                 1.7833,                 1.2561,                0.61335,                0.53404,                0.56501,                0.37586,                 1.1784,                 1.1809,                 1.2262,                 1.3091,                 1.4645,                 1.2216,              0.0078616,              0.0078616,              0.0078616
                    111,                 1.2063,                  1.445,                 1.2799,                 1.3686,                 1.7869,                 1.2605,                0.62873,                0.52496,                0.57095,                0.37761,                  1.179,                 1.1785,                 1.2294,                 1.3113,                 1.4531,                 1.2275,              0.0078418,              0.0078418,              0.0078418
                    112,                 1.1998,                 1.4389,                 1.2692,                 1.3546,                 1.7945,                 1.2477,                0.61312,                0.53513,                0.56661,                0.37401,                  1.181,                 1.1822,                 1.2292,                 1.3084,                 1.4698,                 1.2245,               0.007822,               0.007822,               0.007822
                    113,                 1.2015,                 1.4091,                 1.2677,                 1.3588,                 1.7611,                 1.2498,                0.60478,                0.54259,                 0.5643,                0.37072,                 1.1809,                 1.1851,                  1.227,                 1.3077,                 1.4716,                 1.2217,              0.0078022,              0.0078022,              0.0078022
                    114,                 1.2093,                 1.4228,                 1.2656,                 1.3623,                 1.7739,                 1.2456,                0.61634,                0.53368,                0.56742,                0.37229,                 1.1831,                 1.1843,                 1.2286,                 1.3034,                 1.4691,                 1.2218,              0.0077824,              0.0077824,              0.0077824
                    115,                 1.1971,                  1.399,                 1.2646,                 1.3617,                 1.7411,                  1.248,                0.60837,                0.54345,                0.57051,                0.37374,                 1.1808,                 1.1819,                 1.2283,                  1.301,                 1.4636,                  1.223,              0.0077626,              0.0077626,              0.0077626
                    116,                 1.1998,                 1.4136,                 1.2599,                 1.3695,                 1.7688,                 1.2455,                0.62601,                0.53505,                0.57042,                0.37517,                 1.1825,                 1.1799,                 1.2282,                 1.3019,                 1.4563,                 1.2209,              0.0077428,              0.0077428,              0.0077428
                    117,                  1.199,                 1.4126,                 1.2685,                 1.3533,                 1.7514,                 1.2497,                0.62941,                0.53241,                0.56966,                0.37515,                 1.1802,                 1.1755,                 1.2287,                 1.3002,                  1.453,                 1.2261,               0.007723,               0.007723,               0.007723
                    118,                 1.2054,                 1.4219,                 1.2743,                 1.3723,                 1.7626,                  1.262,                0.62834,                0.53367,                0.57212,                0.37804,                 1.1775,                 1.1749,                   1.23,                  1.304,                 1.4421,                 1.2289,              0.0077032,              0.0077032,              0.0077032
                    119,                 1.1934,                 1.4083,                 1.2614,                 1.3626,                 1.7512,                 1.2485,                0.63351,                0.52807,                0.57053,                0.37926,                 1.1764,                 1.1756,                 1.2271,                 1.3023,                 1.4436,                 1.2244,              0.0076834,              0.0076834,              0.0076834
                    120,                 1.1839,                 1.3941,                  1.255,                 1.3503,                 1.7351,                 1.2412,                0.62813,                0.53602,                 0.5718,                0.37913,                 1.1755,                 1.1738,                 1.2242,                 1.3066,                 1.4409,                 1.2206,              0.0076636,              0.0076636,              0.0076636
                    121,                 1.1828,                 1.3968,                 1.2595,                 1.3415,                  1.739,                 1.2445,                0.63329,                0.53036,                0.57328,                0.37979,                 1.1727,                 1.1706,                 1.2217,                 1.2971,                 1.4465,                 1.2149,              0.0076438,              0.0076438,              0.0076438
                    122,                 1.1921,                 1.3903,                 1.2667,                  1.357,                 1.7248,                 1.2538,                0.62417,                 0.5417,                0.57414,                0.37995,                 1.1728,                 1.1659,                 1.2217,                 1.2964,                 1.4442,                 1.2156,               0.007624,               0.007624,               0.007624
                    123,                 1.1938,                 1.4034,                 1.2672,                 1.3596,                 1.7359,                 1.2508,                0.64541,                0.53289,                0.57546,                0.38031,                 1.1717,                 1.1616,                 1.2212,                 1.2982,                 1.4389,                 1.2162,              0.0076042,              0.0076042,              0.0076042
                    124,                 1.1929,                 1.4035,                 1.2642,                 1.3486,                 1.7342,                 1.2456,                0.63496,                0.53755,                0.57581,                 0.3803,                 1.1721,                  1.164,                 1.2208,                 1.2981,                 1.4406,                  1.214,              0.0075844,              0.0075844,              0.0075844
                    125,                 1.1913,                 1.3857,                 1.2595,                 1.3481,                 1.7155,                 1.2418,                0.63027,                0.53973,                0.57648,                0.38094,                 1.1714,                 1.1603,                 1.2211,                 1.2969,                 1.4361,                 1.2163,              0.0075646,              0.0075646,              0.0075646
                    126,                 1.1937,                 1.3814,                  1.262,                 1.3639,                 1.7232,                 1.2473,                0.63873,                0.53266,                0.57539,                0.38099,                 1.1704,                  1.161,                 1.2209,                 1.2964,                 1.4341,                 1.2153,              0.0075448,              0.0075448,              0.0075448
                    127,                 1.1907,                 1.3711,                 1.2542,                 1.3509,                 1.7108,                 1.2378,                0.63466,                0.53418,                0.57553,                0.38261,                 1.1687,                 1.1584,                 1.2204,                 1.2944,                 1.4348,                 1.2133,               0.007525,               0.007525,               0.007525
                    128,                 1.1858,                 1.3826,                  1.256,                 1.3499,                 1.7196,                 1.2393,                0.63209,                0.53595,                0.57654,                0.38265,                  1.167,                 1.1591,                 1.2212,                 1.2929,                 1.4309,                 1.2154,              0.0075052,              0.0075052,              0.0075052
                    129,                 1.1899,                  1.374,                 1.2571,                 1.3486,                 1.7309,                 1.2411,                 0.6341,                0.54034,                0.57873,                0.38424,                 1.1658,                 1.1558,                 1.2182,                 1.2902,                 1.4331,                 1.2116,              0.0074854,              0.0074854,              0.0074854
                    130,                 1.1859,                 1.3704,                  1.258,                 1.3498,                 1.7072,                 1.2427,                0.64569,                0.53314,                0.57839,                0.38308,                 1.1673,                 1.1544,                  1.219,                 1.2902,                 1.4309,                 1.2131,              0.0074656,              0.0074656,              0.0074656
                    131,                 1.1862,                 1.3774,                 1.2577,                 1.3492,                  1.723,                 1.2425,                0.64961,                0.53704,                0.58078,                0.38611,                 1.1654,                 1.1518,                 1.2187,                  1.288,                 1.4263,                 1.2138,              0.0074458,              0.0074458,              0.0074458
                    132,                 1.1899,                 1.3754,                 1.2565,                 1.3536,                 1.7099,                 1.2415,                0.65883,                0.52857,                0.57984,                0.38599,                  1.167,                 1.1502,                 1.2179,                 1.2867,                 1.4241,                 1.2104,               0.007426,               0.007426,               0.007426
                    133,                  1.177,                  1.353,                 1.2582,                  1.337,                 1.6948,                 1.2412,                0.64642,                 0.5366,                0.58059,                0.38625,                 1.1665,                 1.1511,                 1.2196,                 1.2899,                 1.4222,                 1.2128,              0.0074062,              0.0074062,              0.0074062
                    134,                 1.1784,                 1.3641,                 1.2496,                 1.3393,                 1.6996,                 1.2361,                0.65991,                 0.5324,                0.58391,                0.38808,                 1.1653,                 1.1499,                 1.2193,                 1.2891,                 1.4195,                 1.2133,              0.0073864,              0.0073864,              0.0073864
                    135,                 1.1714,                 1.3532,                 1.2502,                 1.3325,                  1.694,                 1.2384,                0.64956,                0.54233,                0.58405,                0.38898,                 1.1658,                 1.1504,                 1.2188,                 1.2863,                 1.4256,                 1.2109,              0.0073666,              0.0073666,              0.0073666
                    136,                 1.1813,                 1.3549,                 1.2506,                 1.3467,                  1.688,                 1.2375,                0.63898,                0.53923,                0.58419,                0.38983,                 1.1645,                 1.1496,                 1.2177,                 1.2871,                 1.4232,                 1.2111,              0.0073468,              0.0073468,              0.0073468
                    137,                 1.1706,                 1.3455,                  1.246,                  1.338,                 1.6847,                 1.2359,                0.64014,                0.54646,                 0.5843,                0.39093,                  1.164,                 1.1509,                 1.2172,                 1.2864,                  1.423,                 1.2105,               0.007327,               0.007327,               0.007327
                    138,                 1.1695,                 1.3481,                 1.2441,                 1.3289,                   1.68,                 1.2347,                0.63665,                0.55263,                0.58629,                0.39249,                 1.1608,                 1.1474,                 1.2155,                 1.2858,                  1.417,                 1.2113,              0.0073072,              0.0073072,              0.0073072
                    139,                 1.1736,                 1.3482,                 1.2446,                 1.3449,                 1.6844,                 1.2372,                0.64875,                 0.5421,                0.58537,                0.39186,                 1.1606,                 1.1463,                 1.2156,                 1.2857,                 1.4177,                 1.2116,              0.0072874,              0.0072874,              0.0072874
                    140,                 1.1781,                 1.3537,                 1.2472,                 1.3411,                 1.6875,                 1.2365,                0.65301,                0.54649,                0.58822,                0.39289,                 1.1591,                 1.1429,                 1.2161,                  1.283,                 1.4158,                  1.211,              0.0072676,              0.0072676,              0.0072676
                    141,                 1.1667,                 1.3505,                 1.2465,                  1.328,                 1.6817,                 1.2382,                0.64314,                0.54853,                0.59004,                0.39428,                 1.1585,                 1.1395,                 1.2166,                 1.2813,                 1.4128,                 1.2113,              0.0072478,              0.0072478,              0.0072478
                    142,                  1.181,                 1.3514,                 1.2464,                 1.3478,                  1.685,                 1.2379,                0.64531,                0.54841,                0.59076,                0.39387,                 1.1583,                 1.1376,                 1.2165,                  1.285,                 1.4076,                 1.2132,               0.007228,               0.007228,               0.007228
                    143,                  1.176,                 1.3483,                 1.2508,                 1.3362,                 1.6778,                 1.2461,                0.64129,                0.55319,                0.59282,                0.39441,                 1.1578,                 1.1353,                 1.2164,                 1.2849,                 1.4053,                 1.2124,              0.0072082,              0.0072082,              0.0072082
                    144,                 1.1774,                 1.3411,                 1.2505,                 1.3494,                 1.6794,                 1.2417,                0.66171,                0.54778,                0.59494,                0.39543,                 1.1585,                 1.1339,                 1.2156,                 1.2829,                 1.4045,                 1.2107,              0.0071884,              0.0071884,              0.0071884
                    145,                 1.1711,                  1.333,                 1.2452,                   1.34,                 1.6606,                 1.2357,                0.64492,                 0.5544,                0.59317,                0.39561,                 1.1574,                 1.1322,                  1.215,                 1.2825,                  1.405,                 1.2098,              0.0071686,              0.0071686,              0.0071686
                    146,                 1.1659,                 1.3199,                 1.2474,                 1.3366,                 1.6426,                 1.2396,                0.64354,                 0.5535,                0.59403,                0.39687,                  1.155,                 1.1313,                 1.2137,                 1.2811,                 1.4055,                 1.2085,              0.0071488,              0.0071488,              0.0071488
                    147,                 1.1803,                 1.3366,                 1.2494,                 1.3432,                 1.6634,                 1.2367,                0.64487,                0.55141,                 0.5953,                0.39845,                 1.1562,                 1.1282,                 1.2143,                 1.2796,                 1.3995,                 1.2066,               0.007129,               0.007129,               0.007129
                    148,                 1.1761,                 1.3379,                 1.2451,                 1.3558,                 1.6728,                 1.2318,                0.64306,                 0.5554,                0.59634,                0.39831,                 1.1555,                 1.1306,                 1.2138,                 1.2779,                 1.3999,                 1.2044,              0.0071092,              0.0071092,              0.0071092
                    149,                  1.164,                 1.3295,                 1.2495,                 1.3284,                  1.659,                 1.2375,                0.65505,                0.54535,                0.59701,                0.39772,                 1.1565,                 1.1312,                 1.2149,                 1.2773,                 1.4002,                 1.2052,              0.0070894,              0.0070894,              0.0070894
                    150,                 1.1594,                 1.3287,                 1.2375,                 1.3254,                  1.662,                 1.2263,                 0.6475,                0.55776,                0.59607,                0.39768,                 1.1547,                 1.1291,                 1.2139,                 1.2804,                 1.3964,                  1.206,              0.0070696,              0.0070696,              0.0070696
                    151,                 1.1678,                 1.3317,                 1.2449,                  1.326,                 1.6561,                 1.2331,                0.63954,                0.56068,                0.59594,                0.39759,                 1.1548,                 1.1288,                 1.2142,                 1.2813,                 1.3969,                 1.2076,              0.0070498,              0.0070498,              0.0070498
                    152,                 1.1661,                 1.3166,                  1.243,                 1.3238,                  1.651,                 1.2353,                0.63008,                0.56371,                 0.5961,                  0.398,                 1.1543,                 1.1274,                  1.214,                 1.2794,                 1.3986,                 1.2068,                0.00703,                0.00703,                0.00703
                    153,                 1.1696,                  1.326,                 1.2427,                 1.3339,                 1.6575,                 1.2323,                0.64426,                0.55166,                0.59394,                0.39679,                 1.1541,                 1.1272,                 1.2142,                 1.2771,                 1.4044,                 1.2051,              0.0070102,              0.0070102,              0.0070102
                    154,                  1.158,                 1.3228,                 1.2363,                 1.3283,                 1.6478,                 1.2334,                0.64987,                0.54934,                0.59275,                0.39704,                 1.1534,                 1.1264,                 1.2134,                 1.2783,                 1.3994,                 1.2053,              0.0069904,              0.0069904,              0.0069904
                    155,                  1.162,                 1.3275,                 1.2409,                 1.3297,                 1.6558,                  1.233,                0.65141,                0.55089,                0.59375,                 0.3975,                 1.1522,                 1.1265,                 1.2129,                 1.2774,                 1.3992,                 1.2053,              0.0069706,              0.0069706,              0.0069706
                    156,                 1.1551,                 1.3165,                 1.2403,                 1.3188,                 1.6504,                 1.2292,                0.65341,                0.54879,                0.59334,                0.39697,                 1.1506,                 1.1238,                 1.2122,                 1.2789,                 1.3977,                 1.2061,              0.0069508,              0.0069508,              0.0069508
                    157,                 1.1551,                 1.3197,                 1.2406,                 1.3135,                 1.6465,                 1.2281,                0.64734,                0.55342,                0.59474,                0.39745,                 1.1502,                 1.1221,                  1.212,                 1.2773,                 1.3985,                 1.2045,               0.006931,               0.006931,               0.006931
                    158,                 1.1631,                 1.3214,                 1.2442,                  1.337,                 1.6586,                 1.2347,                0.65118,                0.55439,                0.59774,                0.39953,                 1.1488,                 1.1189,                 1.2111,                 1.2771,                 1.3952,                 1.2056,              0.0069112,              0.0069112,              0.0069112
                    159,                  1.165,                 1.3164,                  1.236,                  1.336,                 1.6603,                  1.222,                0.64627,                 0.5565,                0.59849,                0.40003,                 1.1487,                 1.1154,                  1.211,                 1.2791,                 1.3916,                 1.2066,              0.0068914,              0.0068914,              0.0068914
                    160,                 1.1679,                 1.3147,                 1.2409,                 1.3341,                 1.6475,                 1.2261,                0.65338,                0.55277,                 0.5987,                0.40018,                 1.1491,                 1.1147,                 1.2104,                 1.2786,                 1.3904,                 1.2047,              0.0068716,              0.0068716,              0.0068716
                    161,                 1.1527,                 1.3126,                 1.2332,                 1.3214,                 1.6414,                 1.2228,                0.67088,                0.54387,                0.60031,                 0.4005,                 1.1493,                  1.114,                 1.2101,                 1.2792,                 1.3877,                  1.205,              0.0068518,              0.0068518,              0.0068518
                    162,                 1.1557,                 1.2955,                 1.2312,                 1.3199,                 1.6326,                 1.2187,                0.65872,                0.54876,                0.60096,                0.40134,                 1.1485,                 1.1134,                 1.2094,                 1.2789,                 1.3856,                 1.2042,               0.006832,               0.006832,               0.006832
                    163,                 1.1562,                 1.3128,                 1.2366,                 1.3268,                 1.6486,                 1.2252,                0.65138,                0.55463,                0.60056,                0.40208,                 1.1481,                 1.1132,                 1.2086,                 1.2772,                 1.3849,                 1.2043,              0.0068122,              0.0068122,              0.0068122
                    164,                 1.1551,                 1.3131,                 1.2375,                 1.3193,                 1.6562,                 1.2259,                0.65738,                0.55429,                0.60121,                0.40274,                 1.1484,                 1.1121,                 1.2088,                 1.2766,                 1.3832,                 1.2049,              0.0067924,              0.0067924,              0.0067924
                    165,                 1.1568,                 1.2997,                  1.235,                 1.3282,                 1.6279,                  1.226,                0.66702,                0.54585,                0.60184,                0.40349,                 1.1476,                 1.1117,                 1.2075,                 1.2747,                 1.3818,                 1.2037,              0.0067726,              0.0067726,              0.0067726
                    166,                  1.155,                 1.2858,                 1.2347,                  1.325,                 1.6281,                 1.2206,                0.66566,                0.54466,                0.60217,                0.40328,                 1.1478,                  1.111,                 1.2079,                 1.2761,                 1.3791,                 1.2032,              0.0067528,              0.0067528,              0.0067528
                    167,                 1.1556,                 1.2927,                  1.232,                 1.3227,                 1.6222,                 1.2222,                0.66397,                0.54778,                0.60109,                0.40292,                 1.1487,                 1.1103,                 1.2081,                  1.276,                 1.3779,                 1.2047,               0.006733,               0.006733,               0.006733
                    168,                 1.1612,                 1.3119,                 1.2422,                 1.3304,                  1.647,                 1.2319,                0.65728,                0.55126,                0.60033,                0.40293,                 1.1491,                 1.1092,                 1.2077,                  1.276,                  1.376,                 1.2034,              0.0067132,              0.0067132,              0.0067132
                    169,                 1.1514,                 1.2842,                 1.2274,                 1.3251,                 1.6168,                 1.2214,                 0.6584,                0.54937,                0.60179,                0.40414,                 1.1483,                 1.1079,                  1.207,                 1.2752,                 1.3768,                 1.2031,              0.0066934,              0.0066934,              0.0066934
                    170,                 1.1498,                  1.287,                  1.237,                 1.3221,                 1.6082,                 1.2316,                0.66341,                0.54681,                0.60264,                0.40458,                 1.1476,                 1.1067,                 1.2069,                 1.2734,                 1.3763,                 1.2032,              0.0066736,              0.0066736,              0.0066736
                    171,                 1.1495,                 1.2956,                 1.2287,                 1.3157,                 1.6265,                 1.2191,                0.66506,                 0.5462,                0.60365,                0.40552,                 1.1474,                 1.1053,                 1.2074,                 1.2726,                 1.3732,                 1.2028,              0.0066538,              0.0066538,              0.0066538
                    172,                 1.1527,                 1.2902,                 1.2304,                 1.3253,                 1.6329,                 1.2256,                0.67389,                0.54283,                0.60388,                0.40571,                 1.1475,                 1.1042,                 1.2076,                 1.2727,                 1.3706,                 1.2034,               0.006634,               0.006634,               0.006634
                    173,                 1.1552,                 1.2876,                 1.2331,                 1.3199,                 1.6151,                 1.2249,                0.67313,                0.54526,                0.60502,                0.40706,                  1.147,                 1.1031,                 1.2076,                 1.2725,                 1.3682,                 1.2037,              0.0066142,              0.0066142,              0.0066142
                    174,                 1.1494,                 1.2855,                 1.2365,                 1.3144,                 1.6152,                 1.2274,                0.67681,                 0.5451,                0.60554,                0.40756,                 1.1465,                 1.1018,                 1.2071,                 1.2737,                 1.3664,                 1.2036,              0.0065944,              0.0065944,              0.0065944
                    175,                 1.1434,                   1.28,                 1.2267,                 1.3101,                 1.5967,                 1.2189,                0.68006,                 0.5437,                0.60543,                0.40736,                 1.1464,                 1.1011,                 1.2069,                  1.274,                 1.3662,                  1.204,              0.0065746,              0.0065746,              0.0065746
                    176,                 1.1398,                 1.2715,                 1.2271,                 1.3094,                 1.5971,                  1.218,                0.67511,                0.54811,                0.60597,                0.40831,                 1.1454,                 1.1005,                 1.2061,                 1.2724,                 1.3668,                 1.2017,              0.0065548,              0.0065548,              0.0065548
                    177,                 1.1406,                 1.2789,                 1.2292,                 1.3067,                 1.6075,                 1.2188,                0.68164,                0.54518,                0.60659,                0.40848,                 1.1464,                 1.1001,                 1.2071,                 1.2716,                 1.3665,                 1.2014,               0.006535,               0.006535,               0.006535
                    178,                 1.1472,                 1.2782,                 1.2348,                 1.3143,                  1.609,                  1.228,                0.67386,                 0.5489,                0.60663,                0.40833,                 1.1464,                 1.0994,                 1.2068,                 1.2711,                 1.3679,                  1.202,              0.0065152,              0.0065152,              0.0065152
                    179,                 1.1392,                 1.2789,                 1.2249,                  1.311,                 1.5962,                 1.2133,                0.67789,                0.54733,                0.60765,                0.40876,                 1.1463,                 1.0989,                 1.2069,                 1.2715,                 1.3655,                 1.2025,              0.0064954,              0.0064954,              0.0064954
                    180,                 1.1519,                 1.2771,                 1.2302,                 1.3232,                 1.5944,                 1.2216,                0.68024,                0.54659,                0.60796,                0.40932,                 1.1459,                 1.0991,                 1.2065,                 1.2717,                 1.3632,                 1.2029,              0.0064756,              0.0064756,              0.0064756
                    181,                  1.144,                 1.2653,                 1.2219,                 1.3219,                 1.5903,                 1.2148,                0.68305,                0.54893,                0.60904,                 0.4101,                 1.1455,                 1.0987,                 1.2059,                 1.2707,                 1.3626,                 1.2016,              0.0064558,              0.0064558,              0.0064558
                    182,                 1.1492,                 1.2737,                 1.2277,                 1.3147,                 1.5963,                 1.2168,                0.67791,                0.55296,                0.60952,                0.41039,                 1.1454,                 1.0981,                  1.206,                 1.2717,                 1.3612,                 1.2016,               0.006436,               0.006436,               0.006436
                    183,                  1.139,                 1.2754,                 1.2254,                 1.3054,                 1.5983,                  1.216,                0.67312,                0.55608,                0.60965,                0.41085,                 1.1456,                 1.0973,                  1.206,                 1.2715,                 1.3603,                 1.2014,              0.0064162,              0.0064162,              0.0064162
                    184,                 1.1431,                 1.2599,                 1.2236,                 1.3226,                 1.5798,                 1.2152,                0.67637,                 0.5541,                0.60978,                0.41135,                 1.1452,                 1.0967,                 1.2055,                 1.2702,                 1.3614,                 1.1998,              0.0063964,              0.0063964,              0.0063964
                    185,                 1.1292,                 1.2537,                 1.2214,                 1.2976,                 1.5819,                 1.2143,                0.67612,                0.55224,                0.60991,                0.41152,                 1.1444,                 1.0958,                 1.2052,                  1.269,                 1.3613,                 1.1995,              0.0063766,              0.0063766,              0.0063766
                    186,                 1.1369,                 1.2529,                 1.2259,                 1.3057,                 1.5723,                 1.2159,                 0.6838,                0.54881,                0.61065,                0.41183,                 1.1442,                 1.0954,                 1.2049,                 1.2695,                 1.3605,                 1.1998,              0.0063568,              0.0063568,              0.0063568
                    187,                 1.1423,                 1.2709,                 1.2228,                  1.306,                 1.6017,                 1.2134,                0.67901,                0.55045,                0.61095,                 0.4125,                  1.144,                 1.0949,                 1.2046,                 1.2693,                  1.361,                 1.1997,               0.006337,               0.006337,               0.006337
                    188,                 1.1273,                 1.2521,                 1.2169,                 1.3027,                 1.5813,                 1.2077,                0.67707,                 0.5533,                0.61109,                0.41288,                 1.1436,                 1.0941,                 1.2044,                 1.2682,                 1.3629,                 1.1983,              0.0063172,              0.0063172,              0.0063172
                    189,                 1.1338,                 1.2517,                 1.2242,                 1.3057,                 1.5735,                 1.2168,                0.67332,                0.55658,                0.61106,                0.41281,                 1.1433,                 1.0936,                 1.2043,                 1.2684,                 1.3624,                 1.1986,              0.0062974,              0.0062974,              0.0062974
                    190,                 1.1325,                 1.2452,                 1.2233,                 1.3023,                 1.5674,                 1.2131,                0.67526,                0.55547,                0.61236,                0.41389,                 1.1428,                 1.0932,                 1.2038,                 1.2683,                 1.3609,                 1.1985,              0.0062776,              0.0062776,              0.0062776
                    191,                  1.128,                  1.258,                 1.2199,                 1.2989,                 1.5857,                 1.2141,                0.67109,                0.56128,                0.61259,                0.41406,                 1.1422,                 1.0929,                 1.2033,                 1.2674,                 1.3611,                 1.1978,              0.0062578,              0.0062578,              0.0062578
                    192,                 1.1401,                 1.2677,                 1.2212,                 1.3071,                 1.6154,                 1.2115,                0.66866,                 0.5607,                0.61269,                0.41427,                  1.142,                 1.0922,                 1.2028,                 1.2675,                 1.3604,                 1.1974,               0.006238,               0.006238,               0.006238
                    193,                 1.1315,                 1.2415,                   1.22,                 1.2988,                 1.5676,                 1.2102,                0.67392,                0.55942,                0.61263,                0.41498,                 1.1419,                 1.0914,                 1.2029,                 1.2663,                 1.3604,                 1.1969,              0.0062182,              0.0062182,              0.0062182
                    194,                 1.1308,                 1.2398,                 1.2166,                 1.2984,                 1.5651,                 1.2082,                0.68049,                0.55671,                0.61293,                0.41508,                 1.1417,                 1.0909,                 1.2027,                 1.2667,                 1.3586,                 1.1973,              0.0061984,              0.0061984,              0.0061984
                    195,                 1.1304,                 1.2394,                 1.2168,                 1.2971,                 1.5707,                 1.2108,                0.68207,                0.55389,                0.61294,                0.41524,                 1.1415,                 1.0904,                 1.2028,                 1.2658,                 1.3604,                 1.1967,              0.0061786,              0.0061786,              0.0061786
                    196,                 1.1264,                 1.2525,                 1.2204,                 1.2976,                 1.5835,                 1.2133,                 0.6762,                0.55613,                0.61308,                0.41534,                 1.1411,                   1.09,                 1.2026,                 1.2663,                 1.3585,                 1.1974,              0.0061588,              0.0061588,              0.0061588
                    197,                  1.126,                 1.2424,                 1.2168,                 1.3072,                 1.5683,                 1.2118,                0.67282,                0.55753,                  0.613,                0.41538,                 1.1407,                 1.0895,                 1.2023,                  1.266,                 1.3575,                 1.1968,               0.006139,               0.006139,               0.006139
                    198,                 1.1169,                 1.2431,                 1.2127,                 1.2886,                 1.5656,                 1.2097,                0.67226,                0.55964,                0.61323,                0.41574,                 1.1404,                 1.0893,                  1.202,                 1.2657,                 1.3574,                 1.1976,              0.0061192,              0.0061192,              0.0061192
                    199,                 1.1228,                 1.2277,                 1.2119,                 1.2882,                 1.5445,                 1.2076,                0.66958,                   0.56,                0.61288,                0.41534,                 1.1405,                 1.0889,                 1.2022,                 1.2665,                 1.3564,                  1.198,              0.0060994,              0.0060994,              0.0060994
                    200,                 1.1213,                 1.2334,                 1.2193,                 1.2999,                 1.5568,                 1.2146,                0.66417,                0.56415,                 0.6132,                 0.4161,                 1.1402,                 1.0886,                  1.202,                 1.2662,                 1.3559,                 1.1983,              0.0060796,              0.0060796,              0.0060796
                    201,                  1.119,                 1.2281,                 1.2139,                 1.2882,                 1.5481,                 1.2081,                0.66647,                0.56388,                0.61326,                0.41642,                 1.1397,                 1.0882,                 1.2015,                 1.2661,                 1.3545,                 1.1985,              0.0060598,              0.0060598,              0.0060598
                    202,                 1.1177,                 1.2213,                  1.215,                 1.2887,                 1.5501,                 1.2075,                0.66561,                0.56453,                0.61364,                0.41653,                 1.1396,                 1.0878,                 1.2013,                 1.2652,                 1.3543,                 1.1983,                0.00604,                0.00604,                0.00604
                    203,                 1.1105,                 1.2285,                 1.2142,                 1.2755,                 1.5567,                 1.2081,                0.66229,                0.56704,                0.61419,                 0.4166,                 1.1394,                 1.0868,                 1.2011,                 1.2649,                 1.3529,                 1.1981,              0.0060202,              0.0060202,              0.0060202
                    204,                 1.1278,                 1.2311,                 1.2141,                 1.2953,                 1.5586,                  1.206,                0.66371,                0.56759,                0.61462,                0.41667,                 1.1393,                 1.0864,                 1.2008,                  1.264,                 1.3524,                 1.1975,              0.0060004,              0.0060004,              0.0060004
                    205,                 1.1355,                 1.2264,                 1.2199,                 1.3067,                 1.5518,                 1.2091,                 0.6668,                0.56458,                0.61507,                0.41718,                 1.1391,                  1.086,                 1.2005,                 1.2636,                 1.3525,                 1.1976,              0.0059806,              0.0059806,              0.0059806
                    206,                 1.1095,                 1.2131,                 1.2052,                  1.286,                 1.5401,                 1.1998,                0.67331,                0.56171,                0.61593,                 0.4176,                 1.1391,                 1.0855,                 1.2006,                 1.2632,                 1.3525,                 1.1973,              0.0059608,              0.0059608,              0.0059608
                    207,                 1.1248,                 1.2292,                 1.2175,                 1.2991,                  1.552,                 1.2116,                0.67097,                0.56286,                0.61615,                 0.4175,                 1.1392,                 1.0854,                 1.2005,                 1.2632,                 1.3518,                 1.1975,               0.005941,               0.005941,               0.005941
                    208,                 1.1254,                 1.2165,                 1.2122,                 1.3055,                 1.5342,                 1.2053,                0.67254,                0.56029,                0.61609,                0.41718,                 1.1393,                  1.085,                 1.2004,                 1.2635,                 1.3512,                 1.1974,              0.0059212,              0.0059212,              0.0059212
                    209,                 1.1191,                 1.2092,                 1.2095,                 1.2911,                 1.5405,                 1.2023,                0.66941,                0.56318,                0.61649,                0.41719,                 1.1391,                 1.0844,                 1.2002,                 1.2636,                 1.3503,                 1.1971,              0.0059014,              0.0059014,              0.0059014
                    210,                 1.1173,                 1.2143,                 1.2113,                 1.2935,                  1.535,                 1.2066,                0.67241,                0.56178,                0.61677,                0.41703,                 1.1392,                 1.0837,                 1.2003,                 1.2635,                 1.3498,                 1.1968,              0.0058816,              0.0058816,              0.0058816
                    211,                 1.1158,                 1.2261,                 1.2157,                 1.2833,                 1.5499,                 1.2097,                0.66803,                0.56551,                0.61685,                 0.4171,                 1.1391,                 1.0832,                 1.2002,                 1.2634,                   1.35,                  1.197,              0.0058618,              0.0058618,              0.0058618
                    212,                  1.132,                 1.2238,                 1.2153,                 1.2997,                 1.5357,                 1.2088,                0.66903,                0.56447,                0.61692,                0.41725,                 1.1391,                 1.0825,                 1.2003,                 1.2626,                  1.351,                 1.1964,               0.005842,               0.005842,               0.005842
                    213,                 1.1136,                 1.2076,                 1.2112,                 1.2863,                 1.5248,                 1.2069,                0.67152,                0.56337,                0.61658,                0.41725,                  1.139,                 1.0821,                 1.2003,                 1.2631,                 1.3497,                 1.1965,              0.0058222,              0.0058222,              0.0058222
                    214,                  1.121,                 1.2087,                 1.2032,                 1.3011,                 1.5347,                 1.1939,                0.67285,                0.56251,                0.61673,                0.41743,                 1.1388,                 1.0816,                 1.2001,                 1.2627,                 1.3495,                 1.1958,              0.0058024,              0.0058024,              0.0058024
                    215,                 1.1029,                 1.2067,                 1.2056,                 1.2732,                   1.53,                 1.1987,                0.67218,                 0.5628,                0.61705,                 0.4179,                 1.1385,                 1.0813,                 1.1999,                 1.2619,                 1.3493,                  1.195,              0.0057826,              0.0057826,              0.0057826
                    216,                 1.0984,                 1.2029,                 1.2039,                 1.2749,                 1.5268,                 1.1991,                0.67488,                0.56237,                0.61742,                0.41808,                 1.1383,                 1.0811,                 1.1997,                 1.2612,                 1.3499,                 1.1941,              0.0057628,              0.0057628,              0.0057628
                    217,                 1.1206,                 1.2291,                 1.2143,                 1.2919,                 1.5492,                 1.2067,                0.67334,                0.56259,                0.61764,                0.41822,                 1.1384,                 1.0808,                 1.1997,                 1.2608,                 1.3494,                 1.1936,               0.005743,               0.005743,               0.005743
                    218,                 1.1124,                 1.2027,                 1.2118,                 1.2845,                 1.5173,                 1.2055,                0.67813,                0.55884,                0.61797,                0.41824,                 1.1385,                 1.0804,                 1.1997,                 1.2609,                 1.3492,                  1.193,              0.0057232,              0.0057232,              0.0057232
                    219,                 1.1078,                 1.2028,                 1.2064,                 1.2747,                 1.5244,                 1.1965,                0.67611,                0.56054,                0.61836,                0.41869,                 1.1385,                 1.0798,                 1.1996,                 1.2612,                 1.3477,                 1.1932,              0.0057034,              0.0057034,              0.0057034
                    220,                 1.0999,                 1.1966,                 1.2074,                 1.2747,                 1.5215,                 1.2057,                0.67847,                0.56004,                0.61861,                0.41905,                 1.1385,                 1.0795,                 1.1997,                 1.2607,                 1.3478,                 1.1929,              0.0056836,              0.0056836,              0.0056836
                    221,                 1.1113,                 1.1904,                 1.2009,                 1.2792,                 1.5014,                 1.1999,                 0.6792,                0.56154,                0.61907,                0.41932,                 1.1386,                  1.079,                 1.1998,                 1.2601,                  1.348,                  1.193,              0.0056638,              0.0056638,              0.0056638
                    222,                 1.1076,                 1.1931,                 1.2039,                 1.2834,                 1.5276,                 1.1988,                 0.6791,                0.56176,                0.61937,                0.41982,                 1.1385,                 1.0784,                 1.1996,                 1.2601,                 1.3472,                 1.1928,               0.005644,               0.005644,               0.005644
                    223,                  1.114,                  1.206,                 1.2107,                 1.2851,                 1.5353,                 1.2049,                0.67561,                0.56356,                0.61963,                0.41972,                 1.1383,                 1.0779,                 1.1996,                   1.26,                 1.3468,                 1.1932,              0.0056242,              0.0056242,              0.0056242
                    224,                 1.1171,                 1.1933,                 1.2068,                 1.2905,                 1.5136,                    1.2,                0.67543,                0.56279,                0.61966,                0.41969,                 1.1383,                 1.0775,                 1.1995,                 1.2599,                 1.3468,                 1.1923,              0.0056044,              0.0056044,              0.0056044
                    225,                 1.1127,                    1.2,                 1.2061,                 1.2733,                 1.5284,                  1.199,                0.67639,                0.56343,                0.61974,                0.41979,                 1.1383,                 1.0771,                 1.1994,                 1.2598,                 1.3463,                 1.1925,              0.0055846,              0.0055846,              0.0055846
                    226,                 1.1033,                 1.1861,                 1.1998,                 1.2787,                 1.5142,                 1.1955,                0.67848,                 0.5632,                0.61952,                0.41983,                 1.1382,                 1.0767,                 1.1993,                 1.2595,                 1.3461,                 1.1922,              0.0055648,              0.0055648,              0.0055648
                    227,                 1.1024,                 1.1944,                 1.2019,                 1.2704,                 1.5201,                 1.1936,                0.68034,                0.56316,                0.61967,                0.41988,                 1.1382,                 1.0762,                 1.1992,                  1.259,                 1.3463,                 1.1921,               0.005545,               0.005545,               0.005545
                    228,                 1.1078,                 1.1865,                 1.2027,                 1.2768,                 1.5084,                  1.201,                0.68175,                0.56311,                0.61988,                0.42005,                 1.1383,                 1.0755,                 1.1993,                 1.2586,                 1.3466,                 1.1921,              0.0055252,              0.0055252,              0.0055252
                    229,                 1.0972,                 1.1728,                 1.1963,                 1.2706,                 1.4889,                 1.1937,                0.68397,                0.56277,                0.62025,                0.42039,                 1.1381,                 1.0749,                 1.1992,                 1.2583,                 1.3459,                 1.1921,              0.0055054,              0.0055054,              0.0055054
                    230,                 1.0991,                 1.1904,                 1.2024,                 1.2718,                 1.5012,                 1.1974,                0.68531,                0.56174,                0.62049,                0.42051,                 1.1381,                 1.0742,                 1.1991,                 1.2585,                 1.3454,                  1.192,              0.0054856,              0.0054856,              0.0054856
                    231,                  1.103,                 1.1956,                 1.2024,                 1.2759,                 1.5203,                 1.1994,                0.68251,                0.56338,                0.62069,                0.42074,                  1.138,                 1.0736,                 1.1989,                 1.2573,                 1.3469,                 1.1911,              0.0054658,              0.0054658,              0.0054658
                    232,                 1.1072,                 1.1885,                 1.2059,                 1.2694,                 1.5075,                 1.2004,                0.67987,                0.56515,                0.62115,                0.42083,                 1.1381,                 1.0733,                 1.1989,                 1.2578,                  1.346,                 1.1912,               0.005446,               0.005446,               0.005446
                    233,                 1.1016,                 1.1828,                 1.2016,                 1.2743,                 1.5016,                  1.198,                 0.6851,                0.56333,                0.62097,                0.42076,                 1.1379,                 1.0729,                 1.1987,                 1.2574,                 1.3454,                  1.191,              0.0054262,              0.0054262,              0.0054262
                    234,                 1.1029,                  1.189,                 1.2026,                 1.2799,                  1.514,                 1.1969,                0.68594,                0.56291,                0.62114,                0.42075,                 1.1378,                 1.0725,                 1.1987,                 1.2571,                 1.3455,                 1.1905,              0.0054064,              0.0054064,              0.0054064
                    235,                   1.11,                 1.1687,                 1.2016,                 1.2912,                 1.4876,                  1.199,                0.68635,                0.56247,                0.62139,                0.42096,                 1.1378,                 1.0719,                 1.1987,                 1.2569,                 1.3449,                 1.1905,              0.0053866,              0.0053866,              0.0053866
                    236,                 1.1083,                 1.1987,                  1.202,                 1.2855,                 1.5237,                 1.1989,                0.68651,                0.56179,                0.62161,                0.42099,                 1.1377,                 1.0715,                 1.1988,                 1.2561,                 1.3453,                 1.1899,              0.0053668,              0.0053668,              0.0053668
                    237,                 1.0929,                 1.1792,                 1.1975,                 1.2639,                 1.4903,                 1.1969,                0.68742,                0.56139,                0.62205,                0.42117,                 1.1375,                 1.0711,                 1.1987,                 1.2556,                 1.3451,                 1.1898,               0.005347,               0.005347,               0.005347
                    238,                 1.0995,                 1.1774,                 1.1991,                 1.2681,                 1.4976,                 1.1944,                0.68949,                0.56113,                0.62238,                0.42132,                 1.1374,                 1.0708,                 1.1986,                  1.256,                 1.3438,                 1.1903,              0.0053272,              0.0053272,              0.0053272
                    239,                 1.0964,                 1.1675,                 1.1966,                  1.266,                 1.4844,                 1.1954,                0.68923,                0.56174,                0.62252,                0.42157,                 1.1375,                   1.07,                 1.1986,                 1.2553,                 1.3447,                 1.1897,              0.0053074,              0.0053074,              0.0053074
                    240,                 1.0987,                 1.1775,                 1.2046,                 1.2676,                  1.491,                 1.1999,                0.68859,                0.56133,                0.62235,                0.42148,                 1.1374,                 1.0696,                 1.1984,                 1.2544,                 1.3458,                 1.1894,              0.0052876,              0.0052876,              0.0052876
                    241,                 1.0935,                 1.1744,                  1.199,                  1.255,                 1.4921,                 1.1924,                0.68657,                0.56476,                0.62277,                0.42155,                 1.1373,                 1.0691,                 1.1983,                 1.2547,                 1.3455,                 1.1898,              0.0052678,              0.0052678,              0.0052678
                    242,                 1.1053,                 1.1802,                 1.2018,                 1.2824,                 1.5037,                 1.1964,                 0.6838,                 0.5688,                0.62307,                0.42163,                 1.1373,                 1.0687,                 1.1983,                  1.255,                 1.3449,                 1.1896,               0.005248,               0.005248,               0.005248
                    243,                 1.0995,                 1.1714,                  1.197,                 1.2788,                 1.4869,                 1.1959,                0.68909,                0.56512,                0.62338,                0.42186,                 1.1372,                 1.0684,                 1.1982,                 1.2559,                 1.3425,                   1.19,              0.0052282,              0.0052282,              0.0052282
                    244,                 1.0901,                 1.1527,                 1.1904,                 1.2675,                 1.4628,                 1.1898,                0.68306,                0.57102,                0.62403,                0.42205,                 1.1373,                 1.0678,                 1.1983,                 1.2558,                 1.3418,                 1.1904,              0.0052084,              0.0052084,              0.0052084
                    245,                  1.096,                 1.1592,                 1.1939,                 1.2706,                 1.4775,                 1.1888,                0.68479,                 0.5708,                0.62403,                0.42192,                 1.1373,                 1.0675,                 1.1982,                 1.2558,                 1.3412,                   1.19,              0.0051886,              0.0051886,              0.0051886
                    246,                 1.0958,                 1.1629,                  1.196,                  1.268,                 1.4726,                 1.1909,                0.68668,                0.56917,                0.62409,                0.42197,                 1.1373,                 1.0672,                  1.198,                 1.2556,                 1.3409,                   1.19,              0.0051688,              0.0051688,              0.0051688
                    247,                 1.0985,                  1.167,                 1.1977,                 1.2747,                 1.4884,                 1.1955,                0.68961,                0.56776,                 0.6244,                0.42202,                 1.1372,                 1.0669,                 1.1978,                  1.256,                 1.3402,                 1.1899,               0.005149,               0.005149,               0.005149
                    248,                 1.0969,                 1.1656,                 1.1907,                 1.2733,                 1.4898,                  1.187,                0.68717,                0.56878,                0.62456,                0.42209,                 1.1371,                 1.0668,                 1.1976,                 1.2564,                 1.3394,                 1.1901,              0.0051292,              0.0051292,              0.0051292
                    249,                 1.0977,                 1.1543,                 1.1953,                  1.273,                 1.4747,                   1.19,                  0.681,                0.57284,                0.62467,                0.42213,                 1.1372,                 1.0667,                 1.1976,                 1.2561,                 1.3399,                 1.1897,              0.0051094,              0.0051094,              0.0051094
                    250,                 1.0883,                 1.1489,                 1.1939,                 1.2577,                 1.4659,                 1.1931,                0.67867,                0.57474,                0.62483,                0.42209,                 1.1371,                 1.0665,                 1.1975,                 1.2562,                 1.3392,                 1.1894,              0.0050896,              0.0050896,              0.0050896
                    251,                  1.091,                 1.1539,                 1.1908,                  1.257,                 1.4753,                 1.1874,                0.67915,                0.57304,                0.62478,                0.42212,                 1.1371,                 1.0664,                 1.1974,                 1.2559,                 1.3402,                 1.1888,              0.0050698,              0.0050698,              0.0050698
                    252,                 1.0916,                   1.16,                 1.1928,                 1.2563,                  1.484,                 1.1866,                0.68293,                0.57146,                0.62514,                0.42219,                 1.1371,                 1.0663,                 1.1973,                 1.2558,                   1.34,                 1.1876,                0.00505,                0.00505,                0.00505
                    253,                 1.0885,                 1.1488,                 1.1873,                 1.2678,                 1.4652,                 1.1842,                0.68517,                0.57049,                0.62521,                0.42224,                 1.1373,                 1.0661,                 1.1975,                 1.2564,                 1.3392,                 1.1879,              0.0050302,              0.0050302,              0.0050302
                    254,                 1.0859,                 1.1607,                 1.1907,                 1.2591,                 1.4807,                 1.1864,                0.68602,                0.56935,                 0.6251,                0.42231,                 1.1372,                 1.0659,                 1.1973,                 1.2559,                 1.3388,                 1.1875,              0.0050104,              0.0050104,              0.0050104
                    255,                 1.0926,                 1.1584,                 1.1944,                 1.2608,                 1.4756,                 1.1897,                 0.6825,                0.57106,                0.62543,                0.42236,                 1.1371,                 1.0656,                 1.1972,                  1.257,                 1.3367,                 1.1882,              0.0049906,              0.0049906,              0.0049906
                    256,                 1.0811,                 1.1444,                 1.1872,                  1.261,                 1.4607,                 1.1856,                0.68481,                0.56977,                0.62539,                0.42245,                 1.1371,                 1.0653,                 1.1972,                  1.257,                 1.3367,                 1.1881,              0.0049708,              0.0049708,              0.0049708
                    257,                 1.0841,                 1.1453,                 1.1844,                 1.2586,                 1.4684,                 1.1825,                0.68513,                0.57014,                0.62619,                0.42248,                  1.137,                 1.0651,                  1.197,                 1.2566,                 1.3369,                 1.1878,               0.004951,               0.004951,               0.004951
                    258,                 1.0875,                 1.1634,                 1.1954,                 1.2604,                 1.4736,                 1.1915,                0.68532,                0.56953,                0.62621,                 0.4225,                 1.1368,                 1.0649,                 1.1969,                 1.2561,                 1.3379,                 1.1871,              0.0049312,              0.0049312,              0.0049312
                    259,                  1.076,                 1.1417,                 1.1883,                  1.241,                 1.4629,                 1.1819,                0.68729,                0.56915,                0.62636,                0.42241,                 1.1366,                 1.0647,                 1.1967,                 1.2559,                 1.3379,                 1.1869,              0.0049114,              0.0049114,              0.0049114
                    260,                 1.0867,                   1.15,                 1.1943,                 1.2619,                 1.4558,                 1.1898,                0.68897,                0.56852,                0.62635,                0.42253,                 1.1365,                 1.0646,                 1.1966,                 1.2563,                 1.3371,                 1.1872,              0.0048916,              0.0048916,              0.0048916
                    261,                  1.087,                 1.1447,                 1.1839,                 1.2656,                 1.4677,                 1.1828,                0.68711,                0.56899,                0.62617,                0.42275,                 1.1365,                 1.0644,                 1.1965,                 1.2562,                 1.3371,                 1.1872,              0.0048718,              0.0048718,              0.0048718
                    262,                  1.087,                 1.1363,                 1.1861,                 1.2628,                 1.4376,                 1.1833,                0.68664,                0.56874,                0.62622,                 0.4229,                 1.1365,                 1.0641,                 1.1966,                 1.2565,                 1.3364,                 1.1876,               0.004852,               0.004852,               0.004852
                    263,                   1.08,                 1.1403,                  1.186,                  1.261,                 1.4475,                 1.1862,                0.68741,                0.56801,                0.62635,                0.42307,                 1.1365,                 1.0638,                 1.1964,                 1.2563,                 1.3362,                 1.1874,              0.0048322,              0.0048322,              0.0048322
                    264,                 1.0826,                 1.1455,                  1.188,                  1.262,                 1.4581,                 1.1871,                0.68903,                0.56764,                0.62632,                0.42304,                 1.1363,                 1.0637,                 1.1963,                 1.2565,                 1.3358,                 1.1876,              0.0048124,              0.0048124,              0.0048124
                    265,                 1.0782,                 1.1307,                  1.183,                 1.2553,                  1.441,                 1.1828,                 0.6874,                0.56741,                0.62626,                0.42315,                 1.1362,                 1.0633,                 1.1961,                 1.2565,                 1.3356,                 1.1877,              0.0047926,              0.0047926,              0.0047926
                    266,                 1.0794,                  1.132,                  1.184,                 1.2517,                  1.444,                 1.1825,                0.68803,                0.56705,                0.62578,                 0.4233,                 1.1363,                 1.0632,                 1.1961,                 1.2566,                 1.3357,                 1.1876,              0.0047728,              0.0047728,              0.0047728
                    267,                 1.0784,                 1.1324,                 1.1831,                 1.2577,                 1.4477,                 1.1858,                0.68834,                0.56639,                0.62597,                0.42334,                 1.1361,                 1.0631,                  1.196,                 1.2569,                 1.3348,                 1.1881,               0.004753,               0.004753,               0.004753
                    268,                 1.0841,                 1.1424,                 1.1892,                 1.2602,                 1.4584,                 1.1834,                0.68874,                0.56613,                 0.6263,                0.42365,                  1.136,                 1.0627,                  1.196,                 1.2572,                 1.3329,                 1.1882,              0.0047332,              0.0047332,              0.0047332
                    269,                 1.0737,                 1.1261,                 1.1864,                 1.2567,                 1.4351,                 1.1843,                0.68835,                0.56638,                 0.6265,                0.42383,                  1.136,                 1.0623,                  1.196,                 1.2569,                 1.3333,                  1.188,              0.0047134,              0.0047134,              0.0047134
                    270,                 1.0809,                  1.129,                 1.1851,                 1.2582,                 1.4432,                 1.1811,                0.69015,                0.56467,                0.62666,                0.42382,                  1.136,                  1.062,                 1.1959,                 1.2575,                 1.3318,                 1.1884,              0.0046936,              0.0046936,              0.0046936
                    271,                 1.0742,                 1.1271,                 1.1867,                 1.2464,                 1.4294,                 1.1826,                0.69183,                0.56434,                0.62679,                0.42389,                  1.136,                 1.0616,                 1.1959,                  1.257,                 1.3319,                 1.1882,              0.0046738,              0.0046738,              0.0046738
                    272,                 1.0808,                 1.1398,                 1.1897,                 1.2632,                 1.4463,                 1.1896,                0.69177,                  0.565,                0.62683,                0.42394,                  1.136,                 1.0615,                  1.196,                 1.2567,                 1.3318,                 1.1881,               0.004654,               0.004654,               0.004654
                    273,                 1.0667,                 1.1242,                 1.1818,                 1.2446,                 1.4322,                 1.1797,                0.69334,                0.56503,                0.62697,                0.42403,                 1.1358,                 1.0613,                 1.1959,                  1.257,                  1.331,                 1.1886,              0.0046342,              0.0046342,              0.0046342
                    274,                 1.0827,                 1.1226,                 1.1832,                 1.2591,                 1.4308,                 1.1817,                0.69303,                0.56516,                0.62708,                0.42396,                 1.1356,                 1.0611,                 1.1956,                 1.2572,                 1.3301,                 1.1886,              0.0046144,              0.0046144,              0.0046144
                    275,                 1.0722,                 1.1255,                  1.178,                 1.2464,                  1.432,                 1.1751,                0.69354,                 0.5657,                 0.6273,                0.42407,                 1.1355,                  1.061,                 1.1955,                 1.2569,                 1.3298,                  1.188,              0.0045946,              0.0045946,              0.0045946
                    276,                 1.0681,                 1.1143,                 1.1743,                 1.2459,                 1.4226,                 1.1731,                0.69389,                0.56554,                0.62744,                0.42419,                 1.1354,                 1.0608,                 1.1954,                 1.2565,                 1.3308,                 1.1875,              0.0045748,              0.0045748,              0.0045748
                    277,                 1.0835,                 1.1368,                 1.1863,                 1.2565,                 1.4531,                 1.1802,                0.69002,                0.56587,                0.62748,                0.42433,                 1.1351,                 1.0607,                  1.195,                 1.2565,                 1.3306,                 1.1876,               0.004555,               0.004555,               0.004555
                    278,                 1.0772,                 1.1138,                 1.1825,                 1.2503,                 1.4262,                 1.1779,                0.68983,                0.56635,                0.62779,                0.42448,                 1.1351,                 1.0604,                 1.1951,                 1.2563,                  1.331,                 1.1872,              0.0045352,              0.0045352,              0.0045352
                    279,                 1.0781,                   1.12,                 1.1817,                  1.257,                 1.4347,                 1.1789,                0.69055,                0.56652,                0.62784,                 0.4246,                 1.1351,                 1.0602,                  1.195,                 1.2565,                 1.3306,                  1.187,              0.0045154,              0.0045154,              0.0045154
                    280,                 1.0718,                 1.1147,                 1.1808,                 1.2473,                 1.4181,                 1.1801,                 0.6881,                  0.569,                0.62799,                0.42478,                  1.135,                 1.0601,                  1.195,                 1.2566,                 1.3307,                 1.1866,              0.0044956,              0.0044956,              0.0044956
                    281,                 1.0669,                 1.1049,                 1.1798,                 1.2396,                 1.4051,                 1.1781,                0.68578,                0.56988,                  0.628,                0.42484,                 1.1349,                   1.06,                 1.1947,                 1.2566,                 1.3297,                 1.1869,              0.0044758,              0.0044758,              0.0044758
                    282,                 1.0756,                 1.1143,                 1.1801,                 1.2518,                 1.4223,                  1.176,                 0.6835,                0.57133,                 0.6283,                0.42508,                 1.1347,                 1.0596,                 1.1946,                 1.2561,                   1.33,                 1.1867,               0.004456,               0.004456,               0.004456
                    283,                 1.0737,                 1.1162,                 1.1773,                 1.2549,                 1.4303,                 1.1783,                0.68414,                0.57195,                0.62841,                0.42512,                 1.1345,                 1.0595,                 1.1944,                 1.2557,                 1.3308,                  1.186,              0.0044362,              0.0044362,              0.0044362
                    284,                 1.0682,                 1.1069,                 1.1765,                 1.2501,                 1.4219,                 1.1794,                0.68349,                 0.5728,                0.62878,                0.42508,                 1.1344,                 1.0594,                 1.1944,                 1.2555,                 1.3307,                 1.1859,              0.0044164,              0.0044164,              0.0044164
                    285,                 1.0621,                 1.1027,                 1.1763,                 1.2374,                  1.416,                 1.1763,                0.68495,                0.57232,                0.62895,                0.42521,                 1.1344,                 1.0592,                 1.1944,                  1.256,                 1.3293,                 1.1864,              0.0043966,              0.0043966,              0.0043966
                    286,                 1.0637,                 1.1019,                 1.1784,                 1.2371,                 1.4162,                 1.1749,                0.68845,                0.57105,                0.62885,                 0.4253,                 1.1344,                 1.0591,                 1.1945,                 1.2564,                 1.3287,                 1.1865,              0.0043768,              0.0043768,              0.0043768
                    287,                 1.0625,                  1.108,                 1.1773,                 1.2359,                 1.4166,                 1.1762,                0.69082,                0.57024,                0.62918,                0.42554,                 1.1343,                  1.059,                 1.1943,                 1.2561,                 1.3286,                 1.1867,               0.004357,               0.004357,               0.004357
                    288,                 1.0572,                 1.0961,                 1.1732,                 1.2292,                  1.398,                 1.1732,                0.69167,                0.57106,                0.62929,                0.42578,                 1.1343,                 1.0587,                 1.1944,                 1.2563,                 1.3278,                  1.187,              0.0043372,              0.0043372,              0.0043372
                    289,                 1.0559,                 1.1006,                 1.1738,                 1.2363,                 1.3997,                 1.1735,                0.69546,                0.56855,                0.62968,                0.42604,                 1.1342,                 1.0584,                 1.1943,                 1.2562,                 1.3281,                 1.1872,              0.0043174,              0.0043174,              0.0043174
                    290,                 1.0586,                 1.1033,                 1.1767,                 1.2372,                 1.4035,                 1.1792,                0.69504,                0.56881,                0.62976,                0.42607,                 1.1342,                 1.0581,                 1.1943,                 1.2564,                  1.328,                 1.1874,              0.0042976,              0.0042976,              0.0042976
                    291,                 1.0667,                 1.1127,                 1.1781,                 1.2397,                   1.43,                 1.1775,                0.69609,                0.56754,                0.63002,                 0.4264,                 1.1341,                  1.058,                 1.1942,                 1.2562,                  1.328,                  1.187,              0.0042778,              0.0042778,              0.0042778
                    292,                 1.0617,                 1.0964,                 1.1732,                 1.2329,                 1.4058,                 1.1723,                 0.6971,                0.56739,                0.63039,                0.42655,                 1.1341,                 1.0578,                 1.1942,                 1.2558,                 1.3287,                 1.1869,               0.004258,               0.004258,               0.004258
                    293,                 1.0637,                 1.1041,                 1.1757,                 1.2397,                  1.414,                 1.1756,                0.69665,                0.56785,                0.63032,                 0.4266,                  1.134,                 1.0576,                 1.1941,                 1.2558,                 1.3285,                 1.1869,              0.0042382,              0.0042382,              0.0042382
                    294,                 1.0571,                 1.1056,                 1.1761,                 1.2276,                 1.4196,                 1.1755,                0.69947,                0.56638,                0.63054,                0.42672,                  1.134,                 1.0575,                 1.1939,                 1.2558,                 1.3282,                 1.1867,              0.0042184,              0.0042184,              0.0042184
                    295,                 1.0562,                 1.0944,                 1.1722,                 1.2242,                 1.3922,                 1.1729,                0.69738,                0.56723,                0.63083,                0.42691,                 1.1341,                 1.0573,                 1.1939,                 1.2557,                 1.3274,                 1.1866,              0.0041986,              0.0041986,              0.0041986
                    296,                 1.0634,                 1.1011,                 1.1768,                 1.2354,                 1.3971,                 1.1791,                0.70012,                0.56534,                0.63091,                0.42707,                 1.1341,                  1.057,                 1.1939,                 1.2559,                 1.3271,                 1.1871,              0.0041788,              0.0041788,              0.0041788
                    297,                 1.0592,                 1.0962,                 1.1749,                 1.2299,                  1.394,                 1.1731,                0.69982,                0.56672,                0.63171,                0.42738,                 1.1341,                 1.0569,                 1.1937,                 1.2558,                 1.3268,                 1.1868,               0.004159,               0.004159,               0.004159
                    298,                 1.0528,                 1.0834,                 1.1709,                 1.2282,                 1.3835,                 1.1726,                0.69741,                0.56813,                0.63173,                0.42745,                  1.134,                 1.0568,                 1.1936,                 1.2557,                 1.3262,                 1.1868,              0.0041392,              0.0041392,              0.0041392
                    299,                 1.0572,                 1.0898,                  1.171,                 1.2304,                 1.4073,                 1.1676,                0.69686,                0.56905,                0.63192,                0.42752,                 1.1338,                 1.0569,                 1.1933,                 1.2557,                 1.3264,                 1.1866,              0.0041194,              0.0041194,              0.0041194
                    300,                 1.0565,                 1.0903,                 1.1682,                 1.2299,                 1.3967,                 1.1706,                 0.6947,                0.57046,                0.63187,                0.42747,                 1.1339,                 1.0566,                 1.1934,                 1.2558,                 1.3267,                 1.1864,              0.0040996,              0.0040996,              0.0040996
                    301,                 1.0618,                 1.0986,                 1.1737,                 1.2358,                 1.4135,                 1.1726,                0.69571,                0.56977,                0.63194,                0.42744,                 1.1339,                 1.0565,                 1.1933,                 1.2561,                 1.3264,                 1.1869,              0.0040798,              0.0040798,              0.0040798
                    302,                 1.0622,                 1.0988,                 1.1717,                 1.2339,                 1.4014,                  1.173,                0.69334,                0.57109,                0.63203,                0.42764,                 1.1338,                 1.0565,                 1.1932,                 1.2562,                 1.3266,                 1.1865,                0.00406,                0.00406,                0.00406
                    303,                 1.0663,                 1.0899,                 1.1752,                  1.243,                 1.3918,                 1.1744,                0.69275,                0.57069,                0.63214,                0.42777,                 1.1339,                 1.0564,                 1.1931,                 1.2562,                 1.3264,                 1.1866,              0.0040402,              0.0040402,              0.0040402
                    304,                  1.058,                 1.0809,                 1.1735,                 1.2357,                 1.3871,                 1.1718,                0.69281,                0.57049,                0.63133,                0.42777,                 1.1338,                 1.0564,                 1.1929,                 1.2561,                 1.3263,                 1.1862,              0.0040204,              0.0040204,              0.0040204
                    305,                 1.0466,                 1.0653,                  1.162,                 1.2307,                 1.3619,                 1.1655,                0.69487,                0.56978,                0.63141,                0.42782,                 1.1338,                 1.0562,                  1.193,                 1.2562,                 1.3261,                 1.1863,              0.0040006,              0.0040006,              0.0040006
                    306,                 1.0534,                 1.0795,                 1.1656,                 1.2213,                 1.3786,                 1.1618,                 0.6962,                0.56951,                0.63141,                0.42788,                 1.1338,                 1.0561,                 1.1929,                 1.2566,                 1.3257,                 1.1865,              0.0039808,              0.0039808,              0.0039808
                    307,                 1.0609,                 1.0887,                 1.1692,                 1.2366,                 1.3941,                 1.1683,                0.69642,                0.56993,                0.63159,                0.42819,                 1.1338,                  1.056,                  1.193,                  1.257,                 1.3248,                 1.1867,               0.003961,               0.003961,               0.003961
                    308,                 1.0565,                 1.0721,                 1.1684,                 1.2292,                 1.3789,                 1.1658,                0.69781,                0.56791,                0.63223,                0.42824,                 1.1339,                 1.0559,                 1.1929,                 1.2569,                 1.3242,                 1.1868,              0.0039412,              0.0039412,              0.0039412
                    309,                 1.0534,                 1.0828,                 1.1699,                 1.2346,                 1.3914,                 1.1704,                0.69532,                0.57003,                0.63248,                0.42834,                 1.1338,                 1.0557,                 1.1929,                 1.2565,                 1.3245,                 1.1865,              0.0039214,              0.0039214,              0.0039214
                    310,                 1.0548,                 1.0713,                 1.1667,                 1.2317,                 1.3797,                 1.1679,                0.69659,                0.56887,                0.63273,                0.42829,                 1.1338,                 1.0555,                 1.1928,                 1.2566,                 1.3241,                 1.1868,              0.0039016,              0.0039016,              0.0039016
                    311,                 1.0548,                 1.0747,                 1.1719,                 1.2253,                 1.3727,                 1.1686,                0.69564,                0.56983,                0.63288,                0.42841,                 1.1336,                 1.0553,                 1.1926,                 1.2567,                  1.324,                 1.1866,              0.0038818,              0.0038818,              0.0038818
                    312,                 1.0509,                 1.0708,                 1.1657,                 1.2183,                 1.3732,                 1.1664,                0.70115,                0.56726,                0.63299,                0.42858,                 1.1336,                 1.0552,                 1.1926,                 1.2568,                 1.3238,                 1.1869,               0.003862,               0.003862,               0.003862
                    313,                 1.0562,                 1.0732,                 1.1688,                  1.241,                 1.3801,                  1.171,                0.70234,                0.56583,                0.63317,                0.42862,                 1.1335,                  1.055,                 1.1925,                 1.2563,                  1.324,                 1.1864,              0.0038422,              0.0038422,              0.0038422
                    314,                 1.0415,                 1.0772,                 1.1625,                 1.2195,                 1.3771,                 1.1625,                0.70231,                0.56585,                0.63356,                0.42881,                 1.1335,                 1.0548,                 1.1925,                 1.2565,                  1.324,                 1.1865,              0.0038224,              0.0038224,              0.0038224
                    315,                 1.0461,                 1.0691,                 1.1685,                 1.2216,                 1.3771,                 1.1701,                0.70226,                0.56416,                0.63355,                0.42874,                 1.1335,                 1.0545,                 1.1925,                 1.2565,                 1.3237,                 1.1864,              0.0038026,              0.0038026,              0.0038026
                    316,                 1.0455,                  1.065,                 1.1623,                 1.2211,                 1.3622,                 1.1619,                 0.7025,                0.56422,                0.63377,                0.42883,                 1.1335,                 1.0543,                 1.1925,                 1.2562,                 1.3237,                  1.186,              0.0037828,              0.0037828,              0.0037828
                    317,                 1.0466,                 1.0664,                 1.1631,                 1.2214,                 1.3642,                 1.1623,                0.70723,                0.56281,                0.63392,                0.42882,                 1.1336,                  1.054,                 1.1925,                 1.2563,                 1.3235,                 1.1862,               0.003763,               0.003763,               0.003763
                    318,                 1.0438,                 1.0544,                 1.1597,                 1.2213,                 1.3568,                 1.1613,                0.70789,                0.56286,                0.63404,                0.42895,                 1.1336,                 1.0538,                 1.1925,                 1.2561,                 1.3236,                 1.1861,              0.0037432,              0.0037432,              0.0037432
                    319,                 1.0332,                 1.0455,                 1.1557,                 1.2051,                 1.3456,                 1.1561,                0.70952,                0.56199,                 0.6341,                0.42899,                 1.1336,                 1.0535,                 1.1924,                 1.2562,                 1.3233,                 1.1859,              0.0037234,              0.0037234,              0.0037234
                    320,                 1.0431,                 1.0633,                 1.1657,                  1.217,                 1.3584,                 1.1684,                0.70332,                0.56571,                0.63418,                0.42899,                 1.1335,                 1.0533,                 1.1923,                 1.2561,                 1.3236,                 1.1859,              0.0037036,              0.0037036,              0.0037036
                    321,                 1.0405,                 1.0511,                 1.1605,                 1.2193,                 1.3561,                 1.1624,                0.71121,                0.56106,                0.63429,                0.42912,                 1.1336,                 1.0531,                 1.1924,                 1.2562,                 1.3236,                 1.1858,              0.0036838,              0.0036838,              0.0036838
                    322,                 1.0344,                 1.0487,                 1.1582,                 1.2169,                 1.3455,                 1.1608,                0.71219,                0.56078,                0.63438,                0.42929,                 1.1335,                 1.0528,                 1.1923,                 1.2561,                 1.3231,                 1.1857,               0.003664,               0.003664,               0.003664
                    323,                 1.0421,                  1.054,                 1.1631,                 1.2221,                  1.356,                 1.1654,                0.71649,                0.55927,                0.63462,                0.42943,                 1.1335,                 1.0525,                 1.1923,                 1.2561,                 1.3234,                 1.1855,              0.0036442,              0.0036442,              0.0036442
                    324,                 1.0378,                 1.0569,                 1.1628,                 1.2177,                 1.3644,                 1.1683,                0.71718,                0.55837,                0.63489,                0.42964,                 1.1335,                 1.0522,                 1.1923,                 1.2559,                 1.3235,                 1.1856,              0.0036244,              0.0036244,              0.0036244
                    325,                 1.0281,                  1.037,                 1.1546,                 1.2109,                 1.3351,                  1.161,                0.71867,                 0.5584,                0.63504,                0.42996,                 1.1335,                  1.052,                 1.1922,                 1.2564,                 1.3229,                 1.1859,              0.0036046,              0.0036046,              0.0036046
                    326,                  1.044,                 1.0492,                 1.1643,                 1.2169,                 1.3484,                 1.1664,                0.71968,                0.55896,                0.63551,                0.43023,                 1.1334,                 1.0517,                 1.1922,                 1.2563,                 1.3233,                 1.1858,              0.0035848,              0.0035848,              0.0035848
                    327,                 1.0451,                   1.06,                 1.1612,                  1.222,                 1.3609,                 1.1656,                0.72216,                0.55839,                0.63564,                0.43025,                 1.1333,                 1.0515,                  1.192,                 1.2563,                 1.3232,                 1.1859,               0.003565,               0.003565,               0.003565
                    328,                 1.0378,                 1.0466,                 1.1605,                 1.2155,                 1.3552,                 1.1635,                0.72209,                0.55856,                0.63583,                0.43027,                 1.1332,                 1.0513,                  1.192,                 1.2561,                 1.3233,                 1.1856,              0.0035452,              0.0035452,              0.0035452
                    329,                 1.0419,                 1.0495,                  1.161,                 1.2259,                 1.3615,                 1.1623,                 0.7209,                0.55892,                0.63606,                0.43047,                 1.1332,                  1.051,                 1.1919,                 1.2563,                  1.323,                 1.1856,              0.0035254,              0.0035254,              0.0035254
                    330,                 1.0349,                 1.0422,                 1.1549,                 1.2197,                 1.3369,                 1.1615,                0.71905,                0.56055,                0.63626,                0.43054,                 1.1333,                 1.0507,                  1.192,                 1.2557,                 1.3235,                 1.1853,              0.0035056,              0.0035056,              0.0035056
                    331,                 1.0305,                 1.0383,                 1.1549,                 1.2108,                 1.3434,                 1.1576,                0.71485,                0.56333,                0.63641,                0.43058,                 1.1333,                 1.0507,                 1.1919,                 1.2555,                 1.3236,                  1.185,              0.0034858,              0.0034858,              0.0034858
                    332,                 1.0308,                 1.0361,                  1.155,                 1.2104,                 1.3388,                 1.1562,                0.71523,                0.56357,                0.63673,                0.43062,                 1.1334,                 1.0504,                 1.1919,                 1.2562,                 1.3223,                 1.1853,               0.003466,               0.003466,               0.003466
                    333,                  1.029,                 1.0361,                  1.157,                 1.1977,                 1.3356,                 1.1565,                0.71222,                0.56442,                0.63668,                0.43066,                 1.1334,                 1.0502,                  1.192,                 1.2564,                 1.3219,                 1.1856,              0.0034462,              0.0034462,              0.0034462
